0.08393244,-0.3473019,0.10170594,-0.6779496,0.49558133,0.30812016,0.29758364,-0.09672318,0.31159166,0.5729314,-0.33567792,-1.9160086,0.0731359,0.2891049,0.56014663,-0.31992084,0.12170173,-0.32869816,0.33063918,-0.23088393,-0.08614563,0.6472329,-0.1829111,-0.068733215,-0.87801206,-0.49519423,-0.019923564,0.14143138,-0.8728917,0.3902742,-0.18489343,-0.5627976,-0.5125088,-1.2143657,0.5492107,-0.2731591,-0.02974998,0.7785146,0.35227668,0.4486136,0.08178319,-0.2836899,0.42415115,0.063204765,-0.4924577,-0.33313388,-0.13687894,0.1479184,0.16263938,0.113844685
1.043565,-0.8450248,-0.85855055,-0.77373224,1.0448421,-0.5930889,0.95625716,-0.76210856,0.8898132,1.0582712,-1.095455,-0.8726017,0.8388979,1.0230522,1.103303,-0.9255062,0.9789123,-0.8941296,1.061003,-0.85617787,-1.0123259,1.0947276,0.91102165,-0.1798884,-0.7471422,-1.0716914,-1.0536526,0.92339957,-0.6097767,1.0269173,-0.9073711,0.76985925,0.39309523,0.40587148,1.0944688,-0.90372217,-0.77076507,0.48866022,-0.567709,0.8248927,0.93764114,1.0289879,1.0686626,-0.8972072,-1.0190077,-1.0916682,-0.9155389,0.87732923,-0.96388125,0.88847864
0.3881492,-0.103889816,-0.2742998,-0.04763755,0.19897021,-0.2228706,0.5283322,-0.1799752,-0.27710146,0.1294043,-0.21682121,0.05056215,-0.097475015,0.29767638,0.17480941,-0.09342563,-0.035597593,-0.29133117,0.16205435,-0.055781003,-0.042041097,0.494298,0.33588946,0.5546155,-0.038503643,-0.0127491765,0.13927028,0.27758774,0.088326424,0.098115414,-0.27936816,-0.7024708,-0.36564505,0.48117226,0.32001433,0.37942705,0.06307695,0.26386842,-0.18329833,0.1870722,0.06666014,-0.23540825,0.25029793,0.111776404,-0.18054134,-0.2198706,-0.119102925,-0.0427821,-0.2472102,-0.32140273
0.9150448,-1.1303003,-0.7625983,-0.7610749,0.97853637,-0.89396185,0.6958374,-0.7155106,0.8658287,1.1765909,-0.94723547,-0.3378366,0.9840813,0.98415905,1.1732098,-0.70185614,1.1062965,-0.8011793,0.7396277,-1.1103241,-1.1299497,0.75227726,0.89726716,-0.2760401,-0.59129065,-1.1397014,-0.83201206,0.8089329,-0.4160287,0.9708548,-0.84709764,0.7559637,0.7698264,0.74567395,1.0845752,-0.95292574,-1.0301026,0.5420918,-0.7292714,0.7541718,0.9642337,1.1716374,1.0964631,-1.0825952,-0.9747875,-0.8973152,-1.1106428,0.70169234,-0.92107445,0.836692
-0.48705196,0.67188805,-0.39906496,-0.36289084,-0.2330593,-0.68457264,-0.11728481,-0.06473717,-0.28411707,0.26284638,-0.21373577,0.30582044,0.23307307,0.26804364,0.5496937,-0.20503336,0.07029744,-0.42357317,0.2636968,-0.492019,0.07384634,-0.4845721,0.21363537,1.0611433,-0.033056367,-0.278236,0.094703205,-0.6947186,0.13209553,-0.07870756,-0.77843,0.1453161,0.8071841,0.3809034,0.22069356,0.45270956,-0.2486862,0.7606399,-0.29208547,0.2925801,0.013048864,0.007953642,0.54169035,-0.033541236,-0.07235735,-0.30670565,-0.3548847,-0.016368486,-0.39219886,0.048754033
0.74748266,-0.80320907,-0.96646,-0.7453817,0.83909345,-0.92074883,0.7659661,-0.79295266,0.6622766,1.0076005,-0.9919302,-0.28695524,1.0475612,0.974409,1.0207126,-0.89720553,0.96144634,-0.8614924,0.96544313,-1.0021821,-1.0097289,0.7123384,0.68240154,0.142979,-0.6364068,-1.0127053,-0.9482088,0.7897959,-0.1467593,0.88739884,-1.0135835,0.8334956,0.7837069,0.7450204,0.9978592,-0.76846987,-0.88607913,0.6670232,-0.8885323,0.8453712,0.950872,1.055055,1.1261759,-0.97193134,-0.9042403,-1.0115668,-1.0253308,0.772054,-1.0090958,0.9423912
0.21302575,-0.0013051853,-0.49738657,-0.11160641,0.09098231,-0.34100184,0.26523235,-0.32470384,-0.2671996,0.17348586,-0.32081246,0.4801503,0.33293715,0.22034363,0.14494884,-0.09810184,0.10137565,-0.21250387,0.2110373,-0.23539305,-0.024635065,-0.14418465,-0.019072382,0.5481738,0.088204466,-0.06014479,-0.0069014793,0.5497786,0.3996471,0.10663053,-0.49564704,-0.1273156,0.16045542,0.9678258,0.24866693,0.16562109,-0.09703048,0.26129934,-0.46519408,0.1943187,0.26325044,0.29909116,0.34082133,-0.11971966,-0.14183529,-0.41298935,-0.2937516,0.056572855,-0.6514667,0.06400139
0.93140715,-0.7615805,-0.8650217,-0.7027331,0.91709363,-0.7524608,0.83806854,-0.7636816,0.77864546,0.9858495,-1.0650324,-0.4642947,0.9631525,0.99211437,0.92965436,-0.9397038,0.95317864,-0.86523306,1.097054,-0.8195535,-0.9894115,0.9361083,0.74285847,-0.013409102,-0.66634345,-0.98841125,-0.9357078,0.8947748,-0.25621748,0.9863842,-0.894084,0.81648004,0.66602665,0.69537413,1.014076,-0.787384,-0.7057331,0.60226464,-0.91506356,0.80755615,0.9251109,1.0580881,1.0670651,-0.91299313,-1.0055568,-1.1165379,-0.9052765,0.8529746,-0.99522877,0.950601
-0.33350816,-0.14974613,-0.3109965,0.16351469,-0.034523908,-0.37338948,-0.043529425,-0.121367864,0.1468724,0.35185742,-0.196976,0.47268048,0.6123165,0.119167395,0.26233768,0.089686796,0.08365172,0.0020096516,0.27809256,-0.23559691,-0.082238704,-0.34569684,-0.8756199,-0.23898934,0.092053294,0.0824877,-0.13299963,-0.51467097,0.38264698,0.14035222,-0.43167517,0.29616463,0.6652617,1.2920685,0.12704301,-0.18411763,-0.21283425,0.19438998,-0.49093646,0.30852976,0.24444945,0.036198206,0.32303354,-0.030483171,-0.013130792,-0.24211122,-0.20664313,-0.047770176,-0.47716996,0.071227446
0.8184698,-0.75052875,-0.9181719,-0.73195714,0.8856451,-0.8413125,0.79424363,-0.7542409,0.7812938,1.0705802,-1.042809,-0.52492964,1.0182672,0.94262224,1.0289474,-0.88998336,0.9373379,-0.8427308,1.0486253,-0.91726625,-0.990563,0.8324867,0.5937464,-0.043385647,-0.67345554,-0.9835983,-0.91450286,0.8242164,-0.18958876,0.9815163,-0.93960685,0.80834347,0.756458,0.6737799,1.0275204,-0.8418521,-0.81182134,0.65313053,-0.85074717,0.81761646,0.93563014,1.0273647,1.0909269,-0.96349674,-0.9365045,-1.0864189,-0.9294305,0.81819654,-0.9775532,0.9228497
-0.63850164,0.5616991,-0.10554694,-0.051805492,-0.067311764,-0.35469553,-0.264753,-0.124809444,-0.2808397,0.2942148,-0.0856482,-0.1703109,0.13207522,0.121644616,0.32214162,0.011891458,-0.017774154,-0.18092129,0.32055607,-0.37174472,-0.043998543,-0.46208963,0.2080194,-0.034703203,-0.056275643,-0.13333546,0.014639383,-0.6086002,-0.06842841,-0.02265513,-0.47725987,-0.08365728,0.4899862,0.7436326,0.28344604,0.18597214,-0.11210924,0.14548188,-0.26397875,0.25614056,0.1725789,0.16105674,0.46123025,-0.1270393,-0.041524082,-0.35816222,-0.11842802,-0.008779495,-0.530048,-0.00843747
0.35126334,1.6383783,1.6185042,-1.0695536,-0.05045861,0.97301763,-2.7747383,-1.1320459,1.5617257,0.1813055,-0.45400682,-1.105264,2.0142992,0.86102575,0.7570986,-1.0637344,0.3905,-0.9546433,1.6783273,0.023270637,-1.5716678,-0.16252677,-2.1756074,-2.3595638,0.0005310831,-0.9919399,0.081087686,0.5985716,-2.6316261,1.1149892,0.44159645,2.641742,0.9778375,-1.9200169,0.7552486,-1.95552,-0.33281243,-2.214067,-2.2088141,0.053034443,0.5195937,0.8456589,1.227269,-1.6337038,-0.5048482,-1.2042261,-0.26000682,0.6036832,-0.9106673,1.2549154
-1.1032449,1.7972163,1.4096332,-0.85646975,-0.960167,1.1385374,-1.8055216,-0.28244698,-0.70003885,-0.57279354,1.026035,-1.1219788,-0.6091162,0.32624885,0.6575532,0.3856906,-1.1791205,-0.5580255,-0.29795685,0.24886179,0.16206565,-0.98144895,-1.4327552,-0.52262414,0.43242538,0.00362728,1.617662,-1.4582697,-1.3970157,-1.0696775,0.881084,0.26774845,-0.6766295,-0.17063971,-0.4550914,0.73769385,0.9138331,0.1670462,-0.60962355,-0.66455317,-0.44561905,-1.1550999,0.28815216,0.0723715,0.8597701,0.07937353,0.8355437,-1.0854661,-0.27237555,-1.2016766
1.015581,0.33624113,1.2204672,-1.4683492,0.55321765,1.7008135,-1.9684367,-1.2684342,1.7869102,0.5147091,-0.67105985,-2.0540848,1.871739,1.1014607,1.0309238,-1.2253255,0.5567614,-1.1368526,1.606828,-0.042240765,-1.6806145,0.80287904,-2.4369428,-2.2317202,-0.482238,-1.2555057,-0.20982957,1.1920786,-2.7728972,1.307462,0.5163279,2.4399753,0.14513141,-1.9040554,0.9416971,-2.1273446,-0.33900368,-1.5436103,-1.9557546,0.22173409,0.70481,0.706633,1.2449967,-1.6416265,-0.8369677,-1.2400256,-0.3029346,0.71726656,-0.76874787,1.2386034
-0.9093701,1.5252386,1.4752291,-0.8851255,-0.6618603,1.3650825,-1.5009929,-0.454603,-0.7110516,-0.54020464,0.9840029,-1.4637893,-0.83015704,0.5288079,0.6691247,0.37905422,-1.2223076,-0.65312743,-0.19414245,0.4175236,-0.0074405195,-0.45856032,-1.1665728,-0.98467946,0.31606486,-0.023020245,1.5781004,-1.2956629,-1.6946135,-1.0493937,1.1334628,0.018581321,-1.3143107,0.045428913,-0.31674057,0.7397767,1.1060679,0.09274238,-0.7429237,-0.6655936,-0.3163583,-1.2592354,0.31268072,0.013722733,0.74104476,-0.0459807,0.9839549,-1.1249206,-0.3271547,-1.4340336
0.673393,-0.95039105,-1.0021019,-0.7110588,0.5591217,-0.97108585,0.8770799,-0.68544,1.05363,0.7799103,-0.89854676,-0.7766242,1.0782388,0.6449834,0.6811479,-0.8683821,0.60009736,-0.6277584,1.0124803,-0.91378134,-0.89779294,0.9269946,-1.4491713,0.90863353,-0.89160895,0.021128945,-1.0311937,-1.8617754,-0.68949616,0.7517327,-0.83607465,0.91135925,1.093035,1.3718889,0.8079127,-0.9711453,-0.928558,1.073488,-1.0043738,1.0108185,1.0008122,0.90729266,0.7719083,-0.8240298,-0.75358856,-0.8571438,-0.6883677,0.70779526,-0.9585513,0.95012146
-0.5689693,0.77340585,0.7690959,0.8458292,-0.79060054,0.7653826,-0.7302775,0.7362986,-0.8548627,-0.8224972,0.7667191,0.53496295,-0.76260465,-0.7970138,-0.7647194,0.7880525,-0.72444326,0.746324,-0.7608596,0.81860113,0.75453234,-0.65401757,-0.2937759,-0.12260466,0.75418615,0.79065394,0.7073839,-0.52250147,0.008144241,-0.7448558,0.74069977,-0.7205772,-0.5672162,-0.40186504,-0.8242449,0.80177635,0.8844247,-0.5710686,0.7223569,-0.7794131,-0.77006197,-0.68378145,-0.761204,0.77471465,0.8045018,0.76836437,0.8398296,-0.7302409,0.6959349,-0.72179997
0.078474045,-1.1688848,-0.8668089,-1.1148869,0.7885097,-0.7149049,1.059325,-0.7805893,1.051515,0.97757125,-0.8395645,-1.5415254,0.5356692,0.41058457,0.95869946,-0.9601439,0.9114017,-0.819052,0.9121204,-0.8281299,-0.32892102,1.155126,-1.0722133,-0.43522817,-1.2577057,-0.87257874,-1.0260215,1.110332,-1.1499157,1.0413942,-0.8775041,0.5597469,-0.32431987,-0.024616146,0.9182921,-0.9593088,-0.90508384,0.79833776,0.5000067,1.0923587,0.89915997,0.75378966,0.6856641,-0.7539315,-1.0591142,-0.9332974,-0.8825328,1.0389602,-0.4374786,1.0322208
-0.6000257,0.6116301,0.85297436,0.82551545,-0.7809057,0.7713767,-0.74479234,0.7472688,-0.8074318,-0.7799946,0.8007583,0.5666061,-0.76566255,-0.7805557,-0.7411436,0.8650715,-0.6531287,0.7297276,-0.8615294,0.7559727,0.70913434,-0.6811726,-0.25886256,-0.21935478,0.77132493,0.762256,0.8033019,-0.59833336,-0.08688069,-0.7384142,0.77999336,-0.73822975,-0.51779807,-0.37029034,-0.8251504,0.77204585,0.8115025,-0.51381344,0.7671671,-0.8018413,-0.79218847,-0.6586139,-0.77681905,0.7879015,0.76649517,0.86159223,0.7573262,-0.78633934,0.770023,-0.78646123
-0.21343553,-0.13180889,-0.5258578,0.062237613,-0.038562447,-0.54924726,0.40195522,-0.17929876,-0.020285452,-0.25160098,0.076933496,1.1128904,0.27724442,0.20563976,0.076248094,0.09040685,-0.047605064,-0.1592043,-0.09522515,-0.0003920409,0.29694936,-0.16349131,-0.49951768,1.0980599,0.17871514,0.41461927,0.12167322,0.15122806,0.9551139,0.12387683,-0.456168,-0.05931354,0.44811434,0.8405434,0.18824685,0.2191855,-0.31870526,0.0030641882,-0.23363891,0.26805314,0.11500697,0.059595913,-0.14548196,0.18054365,-0.08596136,-0.060483746,-0.24667984,0.10567857,-0.30386326,-0.03438197
-0.49986976,0.6421047,0.7266649,0.7736234,-0.7280105,0.6348305,-0.80443984,0.6768798,-0.80814767,-0.71515036,0.8362442,0.6609671,-0.6667023,-0.7291718,-0.6997469,0.91955113,-0.6856201,0.72334623,-0.85774493,0.62500596,0.7119831,-0.86307806,-0.36796808,-0.11556232,0.7737913,0.71560836,0.65000266,-0.47998792,0.04751139,-0.78721964,0.68075806,-0.6983767,-0.5259233,-0.27151838,-0.69457555,0.6419215,0.62356126,-0.63444513,0.74114317,-0.74014723,-0.68420047,-0.612863,-0.7361716,0.6817832,0.8592509,0.7772873,0.7064522,-0.77739877,0.6347581,-0.81631553
-1.2302692,-0.63721794,-0.6763817,-0.25852707,0.5703391,-0.90384734,0.57406944,-0.40135047,0.56407714,0.5506338,-0.5256865,-0.46725914,0.82412344,0.25588274,0.40681288,-0.44264278,0.45134172,-0.08376337,0.58505106,-0.72835124,-0.4990826,-0.78211796,-0.54520434,-0.81904113,-0.36664188,-0.30784053,-0.7850914,-0.9827882,1.1960857,0.59852844,-0.7940475,0.711564,1.0912243,1.2523234,0.29830375,-0.6812423,-0.6555176,0.44426715,-0.88319206,0.84830093,0.72293466,0.6040287,0.5708297,-0.5656158,-0.21128963,-0.4305634,-0.38313866,0.5062403,-0.88251054,0.5919874
-0.42610434,0.5773867,0.74638844,0.7830546,-0.7000213,0.7156588,-0.7070712,0.6724917,-0.7463025,-0.7375528,0.7504726,0.5444192,-0.66584086,-0.7026285,-0.71760345,0.80751806,-0.6360513,0.74931484,-0.7844761,0.67330486,0.66678995,-0.6883217,-0.26378796,-0.09438073,0.72451216,0.6807721,0.55959743,-0.42034674,-0.12438675,-0.71805656,0.7055561,-0.6499127,-0.57075495,-0.42551166,-0.75022775,0.6562399,0.6766444,-0.5865158,0.7216961,-0.70953715,-0.6866588,-0.59467906,-0.7363077,0.71162015,0.7718223,0.74631274,0.71347517,-0.7007344,0.67780656,-0.71801376
1.1892381,-1.0613587,-0.9469914,-0.95427394,1.0656195,0.4312886,1.0609003,-0.8758701,1.023296,0.84349924,-0.8671282,-1.0681174,0.69141823,0.966282,1.0307745,-0.8751862,1.0017428,-0.8933774,0.8999324,-0.889012,-0.9229981,1.149517,1.202274,-0.8592966,-0.96770394,-1.0192165,-1.2331723,1.0715859,-1.0236409,0.9056794,-0.9037337,0.87403226,-0.8331394,-0.5820839,0.8830253,-0.96696013,-0.906465,-0.49549967,-0.84856105,0.8932614,0.9852365,1.0236242,0.8048099,-0.025854439,-0.9040042,-0.9177475,-0.8907025,0.996196,-0.091774285,0.8929277
-0.62728906,0.7360161,0.69459265,0.795272,-0.81419355,0.67811805,-0.7172246,0.6576064,-0.86951184,-0.8395131,0.7761579,0.63768727,-0.6901606,-0.760467,-0.76040673,0.7671156,-0.6466909,0.70322436,-0.7612151,0.7469868,0.7407082,-0.7096716,-0.30410776,-0.064323865,0.76029557,0.77975124,0.68245035,-0.5326259,0.04772966,-0.77423704,0.6619533,-0.6318653,-0.4479618,-0.27064887,-0.8485249,0.8032289,0.8303809,-0.4723066,0.624394,-0.7364917,-0.7368433,-0.6449348,-0.74983054,0.76081026,0.8240011,0.7764982,0.7552052,-0.7173609,0.63243455,-0.64564466
0.14184976,-0.2672208,-0.080634065,0.13192523,0.07115097,-0.090781696,0.1572309,0.14816245,-0.0076757274,0.09696864,-0.0793412,0.14682676,-0.04828573,-0.08215738,-0.012306708,-0.0038128053,0.19293442,0.1349808,-0.09766141,-0.04002283,-0.06283759,0.15178914,0.3737004,-0.09934217,0.010605664,-0.08911103,-0.113659345,0.24420403,0.10831517,0.13332286,0.05669663,-0.11149108,0.021152984,-0.088830605,0.012318054,-0.01709925,0.03925637,0.02619445,0.15854582,-0.009736139,0.12005134,0.14725286,-0.03889886,0.018992864,-0.053441424,0.061398886,-0.07511904,0.11173139,0.22602785,0.12360903
-0.70436954,0.9711657,0.8092255,0.8116224,-0.82510895,0.7815081,-0.9477481,0.6435097,-0.8226382,-0.76686746,0.77941483,0.6046096,-0.6745414,-0.8285229,-0.77914816,0.78866893,-0.7451729,0.74794513,-0.6756034,0.74702007,0.74936306,-0.8288957,-0.26162818,-0.28463614,0.55585396,0.83677924,0.43971142,-0.6152808,-0.013912559,-0.76286536,0.64027923,-0.65088797,-0.3098144,-0.37630394,-0.66764134,0.74204814,0.75577146,-0.71225786,0.6495378,-0.74529976,-0.70763266,-0.6350484,-0.72954226,0.6785015,0.755131,0.5803691,0.7673835,-0.6485277,0.6791581,-0.63821286
0.8649445,1.1451819,-1.0574696,-1.1117136,0.8526309,-1.2718225,1.0606432,-0.82408327,0.92166656,0.6886012,-0.6944453,0.75619864,0.8434867,0.8724001,1.0646017,-0.86366534,1.0452269,-1.0232145,0.9821785,-1.0712066,-0.7811966,0.5345608,-0.72216284,1.5311463,-0.89050704,-1.0350676,-1.0554194,-1.410508,1.1312295,0.602114,-1.1123098,0.9569192,1.3365268,-0.82585484,0.82752746,-0.79460055,-1.0596446,1.3136344,-1.0319636,1.0255203,0.9389019,-1.0034606,0.91347206,-0.98007303,-0.854964,-0.84472543,-0.95043904,0.7600775,0.6577367,1.034245
-0.5692995,0.5683342,0.8693408,0.8241162,-0.73858756,0.8168761,-0.7141359,0.76796085,-0.79104054,-0.79211396,0.7813788,0.50274724,-0.8008718,-0.80097896,-0.7462059,0.8175764,-0.6241606,0.7155563,-0.86503625,0.78964627,0.67798114,-0.5522328,-0.11915003,-0.35588235,0.763052,0.7293984,0.7796941,-0.48419327,-0.120829836,-0.6948066,0.8291228,-0.72154206,-0.537343,-0.409803,-0.8239752,0.767839,0.8632568,-0.5095743,0.76943594,-0.8260307,-0.77242124,-0.60833246,-0.7993261,0.7572489,0.7265483,0.8392535,0.79395443,-0.74561423,0.7886314,-0.7225707
0.45644698,-0.7453048,-0.3990039,-0.2924948,0.6544133,-0.5056856,0.44144666,-0.35634914,0.5500962,0.55143726,-0.49214295,0.06201906,0.49613926,0.44484985,0.6626142,-0.43763554,0.70698524,-0.51828915,0.20578526,-0.46120602,-0.6747989,0.5743657,0.70352405,-0.51937383,0.03870786,-0.50986046,-0.5627594,0.49884143,-0.33851054,0.6899584,-0.3733132,0.40873662,0.46390727,0.4128676,0.6355528,-0.43775642,-0.48666885,0.34448677,-0.18420762,0.37055236,0.5446688,0.54884046,0.51682997,-0.3359388,-0.5434492,-0.3294375,-0.46412924,0.50490713,-0.4667504,0.57579935
-0.4003801,0.55451024,0.79289204,0.77574325,-0.6698307,0.79625577,-0.6839014,0.6986077,-0.7420213,-0.7442124,0.777073,0.42481613,-0.7602761,-0.7118912,-0.6928841,0.8338933,-0.61204445,0.71732223,-0.84615344,0.70864844,0.6586445,-0.60726,-0.17183904,-0.25819823,0.72394085,0.6851939,0.6118757,-0.43428245,-0.18483688,-0.7034499,0.74623096,-0.70852745,-0.61632925,-0.45507467,-0.7423828,0.66420674,0.7428883,-0.6523321,0.8132772,-0.76148826,-0.7039656,-0.60762167,-0.7588857,0.74029475,0.74654794,0.78558713,0.7344606,-0.7143211,0.6930017,-0.76173997
0.2783944,-0.13521744,-0.16694579,0.18279819,0.108599044,-0.046651714,0.19495773,-0.008556777,-0.03215531,0.048153352,-0.0578167,0.100435875,-0.056104433,0.03546596,0.011781796,-0.10531168,0.16085747,-0.0155960005,0.07890908,-0.16146232,-0.092017055,0.14204077,0.34742996,-0.1016782,0.038991354,-0.06642911,-0.2946944,0.24260373,-0.124897726,0.059976295,-0.07245486,-0.019081898,-0.24063942,-0.01639395,0.04460092,-0.021476936,-0.09764602,0.0648836,0.1793064,-0.040970884,0.17608921,0.22448221,0.008847651,-0.060957864,-0.063595966,-0.16094045,-0.019531058,0.12005918,-0.077721275,0.056340113
-0.48587468,0.6721982,0.75755715,0.81689996,-0.7478595,0.7503345,-0.71180546,0.71584105,-0.83031756,-0.79246026,0.7988388,0.53806263,-0.71312857,-0.7667077,-0.77148885,0.8329966,-0.70061934,0.7594186,-0.8005291,0.7502295,0.72786045,-0.6611869,-0.2818779,-0.10998576,0.75112796,0.7573871,0.6603273,-0.4628555,-0.0112764975,-0.7396448,0.7382705,-0.72942185,-0.59715086,-0.40362966,-0.80245924,0.74175215,0.80853593,-0.57832617,0.74852353,-0.7610405,-0.740616,-0.66452986,-0.78899646,0.7607401,0.8081209,0.76839733,0.7980126,-0.74179244,0.7156695,-0.7742336
0.33667275,-0.07334334,-0.20487417,0.13605277,0.034519397,-0.15637451,0.27007598,0.013104783,-0.082917824,-0.13555111,-0.036681227,0.3171344,-0.019905344,0.011869685,-0.104612485,-0.012800076,0.07579407,0.07682608,-0.019668031,0.026512258,0.02358604,0.15088922,0.5545094,0.5032843,0.10419524,0.009782538,-0.28948966,0.45646733,0.29708233,-0.005332499,-0.11442389,0.05375004,0.0982819,0.22520113,-0.097009026,0.058911506,0.027728856,0.080213636,0.07981262,-0.024337659,0.025551094,0.19571781,-0.10038648,-0.012713914,0.03222629,-0.009356435,0.00032454438,0.13135733,-0.097599275,0.101768486
-0.4080231,0.4596399,0.8943977,0.6049313,-0.61710674,0.7741109,-0.75620687,0.7179902,-0.6554638,-0.6848162,0.75752413,-0.2500641,-0.63782537,-0.7752747,-0.649057,0.7719256,-0.75186235,0.7531917,-0.7876032,0.68609834,0.77000743,-0.5725215,-0.73462194,-0.300873,0.47269017,0.672913,0.74043995,-0.47402668,-0.3731231,-0.67312324,0.7698718,-0.92104554,-0.82393193,-0.9936939,-0.7013367,0.5883059,0.75237197,-0.5178552,0.8567046,-0.6718051,-0.7972588,-0.8523542,-0.7533055,0.84677947,0.6971674,0.7261399,0.7621355,-0.7779164,0.91227573,-0.5237757
-1.586146,0.15562779,-0.28747123,0.1412616,-0.3556547,-0.4277823,-0.14963341,-0.05748656,-0.15856974,0.040529754,0.05747651,0.30500355,0.27459773,-0.1612864,0.036027543,-0.010605952,0.16069715,-0.14207216,0.2539891,-0.34345847,0.084833674,-0.5201315,-0.15170209,0.6890837,0.21582113,-0.021017537,-0.20434369,-0.53704184,0.8442284,-0.29536572,-0.44559002,0.28281975,0.6643924,0.6595159,-0.24587065,0.007540169,-0.30026296,0.124849625,-0.32356602,0.2917853,0.116175234,0.005947916,0.17340592,0.06783381,0.012480412,0.23894842,0.005440832,0.02867836,-0.2355029,0.29729322
-0.50181043,0.69509006,0.7373934,0.79422855,-0.74191594,0.7418115,-0.71347857,0.7190719,-0.79260653,-0.7706674,0.7893278,0.48288655,-0.7099143,-0.78146726,-0.7403761,0.8089793,-0.6751191,0.7565377,-0.76993585,0.73966634,0.6889899,-0.6615303,-0.28300613,-0.2074783,0.73986685,0.74065965,0.64955413,-0.46275252,-0.07916466,-0.707224,0.73543364,-0.64568186,-0.55762106,-0.4002789,-0.8124373,0.6968097,0.8053883,-0.56576586,0.7310842,-0.7805632,-0.7143802,-0.6175951,-0.7768685,0.7105828,0.8222525,0.7409603,0.80990124,-0.71158713,0.6941014,-0.7223369
1.0056813,-1.1940744,-0.89626193,0.004462635,0.8966822,-0.92539614,1.0753781,-0.87190366,1.0308231,0.8864417,-1.0044609,-0.4275302,0.8513129,0.9079133,0.8939886,-1.0008415,1.1573958,-1.0504557,0.6610202,-1.020802,-1.106922,0.2895629,-0.13750471,-0.9593506,-0.84361905,-1.007842,0.11599696,1.0877107,-0.6191436,1.0754098,-0.7050628,0.7271175,1.1121516,1.0797969,0.91578925,-1.025849,-0.9704824,0.9589644,-1.0921236,0.8300427,1.0310293,1.1717896,0.9313967,-1.0788318,-1.0402803,-0.6768953,-0.9761108,0.98673975,-0.9307919,1.0875648
-0.5303331,0.70611244,0.7371991,0.8399645,-0.79234064,0.725654,-0.742446,0.70702803,-0.85486907,-0.8178829,0.8143999,0.6253349,-0.72183603,-0.770696,-0.7862934,0.83078796,-0.6944817,0.76172507,-0.8095489,0.7482871,0.7311086,-0.732013,-0.27552658,-0.07587826,0.795455,0.7652061,0.67136854,-0.48276326,0.025186364,-0.7773508,0.71706986,-0.66945976,-0.5444086,-0.31089574,-0.83768135,0.7776464,0.80253476,-0.573991,0.7080106,-0.76730025,-0.73131704,-0.63332456,-0.7862092,0.7600892,0.8193082,0.77914447,0.7792116,-0.7455903,0.6743042,-0.7558197
-1.1121525,0.18091069,-1.0989047,-1.1589285,0.68313986,-1.2819253,1.0512669,0.1307124,1.0104238,0.72155976,-0.65208566,1.0327243,0.94031566,0.97760814,1.1293468,-0.92553127,1.021846,-0.97678804,0.8581179,-1.0908599,0.792516,-1.1406842,1.2697834,1.5164003,-1.0301217,-1.0308324,-1.0535599,-1.5643531,1.3117176,0.08908979,-1.0773673,1.0544939,1.0883676,-0.67271835,0.88433534,-0.9364971,-1.0530249,1.2809657,-1.1111751,0.9484448,-0.87036985,0.89344954,0.92731297,-1.0007129,-0.88919365,-0.9270089,-0.923896,1.0349885,-1.0894014,1.0429744
-0.40365884,0.64643073,0.75684583,0.77319986,-0.6705701,0.83646303,-0.61447716,0.6729999,-0.73158896,-0.77608633,0.7118781,0.33300886,-0.7616211,-0.7089449,-0.7240302,0.7348898,-0.65276724,0.6832346,-0.717597,0.78654677,0.67945355,-0.4988928,-0.19376561,-0.21878918,0.67612875,0.6981023,0.583172,-0.41674596,-0.18077536,-0.67025447,0.7286242,-0.6575216,-0.6665744,-0.50592077,-0.7528621,0.69239116,0.8401128,-0.5915585,0.75427544,-0.7377163,-0.71294653,-0.6374445,-0.7564126,0.7516279,0.71442115,0.7125558,0.777054,-0.65434074,0.6744808,-0.70719326
1.0402926,-0.6680334,-0.93681735,-0.87760216,1.0639908,-1.0006231,0.9779645,-0.8561979,0.957877,0.9526038,-0.877742,-0.8917349,0.81837094,1.0034707,0.32589462,-0.9476725,1.0241815,-0.881385,1.0136176,-0.8518796,-0.9848989,-0.3926581,1.1131628,0.8971321,-0.8748832,-0.9649613,-1.141617,-0.42086646,0.8009772,0.26631057,-0.7777657,1.1219858,0.5115668,1.0126053,0.95792234,-0.9048554,-0.9554432,0.99179024,-0.97260386,0.90390754,1.0097629,0.83502,0.96175927,-0.43025932,-0.87346125,-0.84598,-0.9481338,0.93888885,-0.8730906,1.0722781
-0.619097,0.7422826,0.72226304,0.8637242,-0.78786045,0.70781726,-0.71661186,0.71537644,-0.8109444,-0.808095,0.75819,0.64603555,-0.67897344,-0.7579397,-0.7924349,0.7915149,-0.7101413,0.7375209,-0.7371452,0.802341,0.73617375,-0.7047474,-0.3844134,-0.14453115,0.77160025,0.8134549,0.6888337,-0.5591591,0.1794736,-0.7300934,0.6993306,-0.632507,-0.43350804,-0.2165392,-0.82784766,0.7435478,0.8515923,-0.5234905,0.652251,-0.7667856,-0.74976814,-0.66239595,-0.77429897,0.7821752,0.79291236,0.74963784,0.8161771,-0.71103615,0.67921597,-0.6889458
-0.27566698,-1.1040269,-0.9734386,-0.7289718,0.85650545,-1.11204,1.0546925,-0.7924867,0.9911789,0.9057359,-0.8672745,1.404797,0.91944176,0.7719598,0.8932841,-0.9554716,0.9755859,-0.75535315,0.85054064,-0.91096467,-0.9453823,0.8771261,-1.3535591,-1.2649115,-0.90559226,-0.716981,-0.66033554,-1.2854745,1.2646415,0.8100481,-0.8497965,1.092476,1.0813099,1.3282833,0.7951681,-0.8581895,-0.96732515,0.80589134,-1.0591972,0.91760653,0.9241431,0.32844207,0.81352377,-0.69283354,-0.76090336,-0.8730854,-0.85069555,0.7662821,-1.0011704,0.951333
-0.5578029,0.511181,0.8562521,0.581353,-0.61854255,0.8904031,-0.7305361,0.59055996,-0.6233098,-0.6354783,0.74147475,-0.0743927,-0.7067587,-0.66082865,-0.60850906,0.7094173,-0.7247903,0.70002514,-0.74441814,0.7338589,0.66706914,-0.53333795,-0.4987171,-0.30168155,0.4411072,0.66263515,0.70948964,-0.47854546,-0.39037198,-0.64430976,0.7280767,-0.8492387,-0.7998385,-0.98726463,-0.6894403,0.57610583,0.7640017,-0.4774131,0.80194896,-0.6568004,-0.747897,-0.85774446,-0.7199599,0.7643327,0.66089517,0.7506537,0.75522053,-0.7153071,0.8503782,-0.693711
0.2379149,-0.3152787,-0.34637496,0.09752869,0.17818111,-0.35008004,0.23667876,-0.11600798,-0.07816848,-0.15295497,-0.015117123,0.71677035,0.044889506,0.21190509,-0.029728124,-0.18115993,0.20216183,-0.25098786,-0.020563673,-0.22823422,-0.16654746,0.29967552,0.40556094,0.3436295,-0.1860499,-0.13011992,-0.29810333,0.36632192,0.34613216,0.04158254,-0.18115601,-0.11619419,-0.1709997,0.37599412,0.09847773,0.05703822,-0.2081972,0.06734973,-0.26058948,0.17161082,0.1900807,0.17112905,0.033488378,0.056988135,-0.116784185,0.05403715,-0.16704188,0.19591227,-0.25855362,0.020547166
-0.57530624,0.7882361,0.7084582,0.825654,-0.78477734,0.72058886,-0.7443522,0.70426977,-0.8479122,-0.7533037,0.755204,0.60249984,-0.712172,-0.7708688,-0.7531938,0.7512359,-0.713262,0.7110311,-0.74524707,0.751524,0.745749,-0.7263576,-0.3168713,-0.085111335,0.7757819,0.771048,0.6966134,-0.5288948,0.054606374,-0.7398745,0.68100524,-0.65616393,-0.49018493,-0.33889556,-0.8168497,0.7834789,0.8197575,-0.5296503,0.70509285,-0.7579195,-0.73005235,-0.6494531,-0.7649478,0.75516653,0.7968291,0.7449726,0.7908198,-0.71870583,0.658051,-0.73845524
0.9148834,-0.5889601,-0.9263966,-0.8657381,1.0940703,-0.02271833,1.0336767,-0.8422859,0.99138486,0.90083927,-0.8471284,-1.0114936,0.581126,0.92624235,0.9934573,-0.8031138,0.9934264,-0.82827526,0.71497846,-0.7622861,-0.9176896,1.0247883,1.106613,-0.80820566,-0.8334677,-0.9188399,-1.1444961,0.7309088,0.3347151,0.9432137,-0.8183995,0.9394469,0.18845718,-0.50592947,0.8858898,-0.8486346,-0.8197694,-0.12004821,0.22856098,0.71940714,0.92759293,0.9778913,0.7737005,-0.9516042,-0.76059216,-0.85866684,-0.8377413,0.91642827,-0.92716265,0.84998244
-0.6027562,0.5829243,0.8899475,0.6105779,-0.6612676,1.0161252,-0.7185661,0.6788991,-0.67418,-0.7490973,0.7525081,-0.1423742,-0.6095065,-0.8217467,-0.7711518,0.75027853,-0.7253691,0.59676486,-0.7848465,0.7145273,0.77482283,-0.55800116,-0.6723103,-0.19701779,0.49429566,0.752775,0.78170604,-0.4984275,-0.31725237,-0.685801,0.7851054,-0.89511883,-0.8758219,-0.95019454,-0.7280664,0.6351541,0.8387268,-0.5508175,0.7163711,-0.6965879,-0.8157491,-0.83226234,-0.7557134,0.8654273,0.70844126,0.7532091,0.8312789,-0.75260276,0.85964984,-0.7045514
0.9525048,-1.2112476,-0.85421425,-0.34256133,0.9788138,-1.045637,0.9583428,-0.785878,0.99618566,0.86112803,-0.94659203,0.011136653,0.8203939,0.9218542,0.9837434,-0.8862459,1.11297,-0.83794886,0.6154779,-0.9945498,-1.0260693,0.9158286,1.2792302,-0.9052611,-0.6935555,-1.0089769,-0.87693506,-0.12305702,0.88410264,0.97786796,-0.692172,1.0292053,1.0626993,1.0467104,0.8640529,-0.92565507,-0.9419167,0.62742555,-0.9593467,-0.21434838,0.9983262,1.1310561,0.86622167,-1.0113904,-0.9967996,-0.65163374,-0.9929716,0.89963675,-0.85338247,1.0322031
-0.55679417,0.5964987,0.8079346,0.8385716,-0.74337745,0.76414335,-0.6844415,0.7311321,-0.7909839,-0.79404026,0.7413319,0.59323096,-0.7643997,-0.7711422,-0.75406414,0.76370907,-0.6072635,0.68210125,-0.8025199,0.78614783,0.6567252,-0.55557966,-0.109049894,-0.28285208,0.77467215,0.7308795,0.7354066,-0.39415807,-0.035556357,-0.6721505,0.78629684,-0.66034204,-0.47885284,-0.29346588,-0.81087846,0.7741969,0.85774773,-0.5043612,0.6769461,-0.79614407,-0.7406713,-0.5564675,-0.7734913,0.73054105,0.7048067,0.81002927,0.7765399,-0.70210534,0.71741563,-0.67238516
0.8201627,-0.76416415,-0.803836,-0.59395975,0.75880575,-0.8120967,0.25236186,-0.63507,0.5936185,0.57278186,-0.6918936,1.051656,0.8027823,0.6538342,0.3152117,-0.643052,0.7769506,-0.46833396,0.5463955,-0.570259,-0.74365413,0.5883362,-0.33577126,0.8708905,-0.5024624,-0.5475463,-0.8760563,0.7450769,0.9266278,0.6876368,-0.73435664,0.7265111,0.016878445,0.9731243,0.605305,-0.520929,-0.65688026,0.20206344,-0.7180481,0.67880005,0.77738607,0.25807714,0.5884496,-0.653947,-0.578548,-0.77284473,-0.6489889,0.66335356,-0.851489,0.7343242
-0.51415765,0.6849325,0.71344024,0.80377156,-0.7472778,0.7412539,-0.6704904,0.68006915,-0.7925112,-0.7680799,0.7429739,0.5023523,-0.6826761,-0.7585128,-0.74420553,0.77702725,-0.6898414,0.70817596,-0.7352289,0.7508437,0.7149598,-0.6440014,-0.30079284,-0.15916942,0.7361087,0.7376652,0.6650453,-0.44608986,-0.0023911903,-0.70599824,0.69308907,-0.6472187,-0.5130246,-0.3612766,-0.78495455,0.7039463,0.8056429,-0.5285859,0.6857547,-0.73527175,-0.7175928,-0.6424327,-0.74803114,0.7189605,0.77436197,0.73008317,0.7805813,-0.69271994,0.6718127,-0.719352
0.29572877,-0.37009522,-0.16248955,0.24223593,0.16205148,-0.24290527,0.17610076,0.012701413,0.13928978,0.13904163,-0.2297805,0.78515065,0.08984198,-0.027584894,0.096725345,-0.118081674,0.3329645,-0.118951514,-0.05596084,-0.20080356,-0.27185786,-0.24917038,0.4571116,0.22436242,0.18086462,-0.020500066,0.037346147,0.41785273,0.44763482,0.25158277,-0.1195237,-0.16739272,0.2796906,0.4517822,0.19575986,-0.027627585,-0.08222947,0.11232162,-0.30506966,0.04236447,0.20881133,0.46708965,0.047449775,-0.23360474,-0.3352059,-0.282859,-0.253983,0.15632212,-0.21767019,0.3165977
-0.5675135,0.67319334,0.7337791,0.83196867,-0.7944567,0.72783446,-0.7176744,0.68337333,-0.82441455,-0.80843884,0.8098318,0.6483653,-0.68431467,-0.77607083,-0.7615661,0.81169677,-0.67527974,0.72654575,-0.8104664,0.7159807,0.69377124,-0.75685287,-0.30920884,-0.13574077,0.7727336,0.7622004,0.6472235,-0.4982254,0.021930702,-0.7655265,0.702593,-0.6490264,-0.51020974,-0.41493303,-0.82250273,0.72650564,0.75997573,-0.5929109,0.6874534,-0.74873626,-0.72841257,-0.6128102,-0.76375735,0.7231462,0.8203604,0.78446406,0.760118,-0.7231994,0.7066157,-0.6612206
0.875847,-1.0648038,-1.1163179,-1.0104276,-0.14848284,-1.0888714,0.93240654,-0.9605034,-0.333007,0.9060506,-0.8250612,0.67658424,0.9331006,1.0728245,0.94971603,-1.0548877,0.9742473,-0.89875203,0.83190006,-0.9331453,-1.0240657,1.0192878,-0.51962423,-0.87742317,-0.84689325,-1.0325297,-1.1652286,0.12760164,0.8475521,0.8099056,-0.9847674,1.0682834,0.923315,-0.43958542,0.82608485,-0.92638534,-0.8018178,1.0618773,-1.0516514,0.9496749,1.0080731,0.932429,0.93818486,-1.032585,-0.891185,-0.8270784,-0.9332458,0.90937865,-0.99498415,0.98055625
-0.4773421,0.6630563,0.7987397,0.84210694,-0.7591547,0.8219289,-0.7518329,0.7300405,-0.8344302,-0.8063292,0.83558655,0.5425173,-0.78711873,-0.7696726,-0.7939652,0.8771869,-0.70705044,0.7970087,-0.8499997,0.7674854,0.7550179,-0.72264653,-0.26312232,-0.10931147,0.7880037,0.76211756,0.6616645,-0.48632094,-0.09160309,-0.76550055,0.76295805,-0.7288907,-0.65828025,-0.39243397,-0.82031554,0.7506375,0.8286109,-0.66122067,0.79853547,-0.7881345,-0.7463167,-0.66381764,-0.7728706,0.8108153,0.83322954,0.8042017,0.7993928,-0.763991,0.70258415,-0.8116737
0.22091284,-0.4963017,-0.06045947,-0.27340516,0.3387916,-0.07997594,0.2993374,0.19755518,0.23875618,0.23342484,-0.1372683,-0.39556387,0.23272033,0.33919206,0.22464615,-0.20022675,0.38910717,-0.09133837,0.123257056,-0.21274011,-0.11963704,0.39677307,0.36926448,-0.011770166,-0.2984646,-0.38320255,-0.2944918,0.06946034,-0.2507106,0.4200286,-0.060270254,0.17583849,0.17481355,-0.13976654,0.19861318,-0.19747771,-0.21441685,0.39477897,0.030527076,0.1777285,0.2425243,0.23651676,0.29304054,-0.13783589,-0.4441683,-0.025928838,-0.23549493,0.24216276,0.22604091,0.3244005
-0.43451935,0.7281722,0.7144642,0.76673806,-0.5705376,0.7351259,-0.6787093,0.6287899,-0.842882,-0.82200366,0.7592984,0.6921964,-0.6509721,-0.7518288,-0.8142979,0.83639234,-0.78071547,0.7254964,-0.78528094,0.75807184,0.80502903,-0.83753693,-0.3534428,-0.0095771095,0.84547114,0.79945886,0.7471945,-0.26507148,0.1482743,-0.7687477,0.68007684,-0.74405754,-0.5758195,-0.41407996,-0.7843529,0.7606901,0.7703324,-0.68295896,0.65694267,-0.7852676,-0.7766631,-0.7162084,-0.74874634,0.78485364,0.8049448,0.75026894,0.7758537,-0.7672944,0.5076982,-0.8361505
-0.0051118135,-0.13059847,-0.5560956,0.26368958,-0.3324676,-0.39424056,0.19222477,-0.17751421,0.10873081,0.3981074,-0.27968273,0.35303518,0.42016885,-0.5851124,-0.04839612,-0.04988754,0.022876032,0.31875432,0.08649825,-0.01230698,-0.16249968,-0.9279512,-0.59201247,0.44857505,-0.026729377,0.32262513,0.012595711,0.09481513,0.91437024,0.30672655,-0.46642596,0.208587,0.4368419,0.6519631,0.019210398,0.09790456,-0.19006799,0.24651109,-0.24344829,0.17779848,0.26994604,0.18747477,-0.05717046,0.08146446,0.15103726,-0.083069995,-0.06868025,0.07828667,-0.24983816,0.19996385
-0.4950486,0.641018,0.75311035,0.76578695,-0.72945094,0.7348032,-0.706757,0.7118718,-0.7912583,-0.7635875,0.7749264,0.51739204,-0.71513003,-0.7550877,-0.7358606,0.808205,-0.6519663,0.73634773,-0.7943594,0.7324832,0.68167925,-0.63208455,-0.21435833,-0.2041076,0.7391087,0.7244055,0.66949147,-0.44089776,-0.04963736,-0.7031485,0.7427129,-0.66417396,-0.5365945,-0.37846097,-0.7963014,0.71141595,0.79569787,-0.54217005,0.71800405,-0.7711071,-0.71651834,-0.5993245,-0.76572,0.70547694,0.788132,0.7671856,0.7840416,-0.7116837,0.6904078,-0.7205347
0.056504138,0.029416438,-0.4562364,-0.10842714,0.11618603,-0.34263897,0.1371187,-0.26723245,-0.19200537,-0.21432371,-0.01834766,1.0285792,0.2653722,0.17146102,0.0155717125,-0.087928444,0.0368201,-0.0020245798,-0.048834134,-0.20354943,-0.06424968,-0.47281367,0.14697763,0.74532056,0.1022963,-0.0024868522,-0.21688586,0.07576432,0.4193769,-0.17044637,-0.4246755,0.056633808,0.30667642,0.3114179,0.088604614,0.20556106,-0.15206024,0.10050343,-0.1941085,0.07373995,0.21252324,0.2249984,0.12471251,-0.039476432,-0.113156304,-0.20944555,-0.23052587,0.05547608,-0.2697308,0.013179079
-0.5206202,0.7024507,0.7520977,0.84247553,-0.77325207,0.7714413,-0.7581421,0.7208892,-0.83277994,-0.8103494,0.79638577,0.5747247,-0.73266006,-0.7678417,-0.7973736,0.8356478,-0.7010704,0.7709181,-0.7969161,0.7683009,0.7267686,-0.71930236,-0.295822,-0.13658643,0.77297455,0.7469896,0.67139053,-0.4935272,-0.00024025701,-0.75907654,0.74451345,-0.6751776,-0.5683807,-0.3518742,-0.8294693,0.74929565,0.8312234,-0.5917503,0.7251814,-0.78036803,-0.7318166,-0.63948214,-0.7942811,0.7462466,0.81273496,0.7704051,0.78713036,-0.73723745,0.68601555,-0.74110544
-0.6848171,0.40497667,-0.61298174,-0.25648582,0.13128966,-0.61195004,0.47703606,-0.2966308,-0.28759384,-0.14680456,-0.24159412,0.33115736,0.39463657,0.05477044,0.36841643,-0.32316783,0.2067905,-0.21157824,0.28320268,-0.28821385,-0.028058697,-0.49496,0.28532457,1.180775,0.035624452,-0.13651533,-0.4339407,0.39249575,0.32509527,-0.020770952,-0.66983396,0.28419584,0.58987284,0.41762722,0.16989674,0.60762846,-0.44512713,0.5651407,-0.46021098,0.25686625,0.32359463,-0.02231587,0.4269902,-0.31232932,-0.09913337,-0.24298732,-0.34080696,0.2617978,-0.4510857,0.36979675
-0.5516013,0.67138803,0.77511185,0.8181202,-0.77966684,0.7403252,-0.74446446,0.7364993,-0.8410969,-0.79855317,0.79739594,0.564377,-0.7519943,-0.78766173,-0.75444365,0.8223694,-0.66958743,0.74580514,-0.83661544,0.74205524,0.70476943,-0.68257,-0.21472266,-0.16092402,0.77044976,0.7398196,0.7033599,-0.5097176,-0.011269642,-0.7469505,0.7423193,-0.67316025,-0.53067887,-0.39597347,-0.82399505,0.7694327,0.80811113,-0.52069294,0.74849224,-0.79684913,-0.7438123,-0.6316321,-0.78334606,0.7431042,0.8028679,0.8098934,0.78528166,-0.74665755,0.7241977,-0.7410892
0.24578229,-0.29203168,-0.16785203,0.007473681,0.11024281,-0.2071489,0.24957426,-0.11117853,0.030008726,0.03258417,-0.22453237,0.7792468,0.056349285,0.07881528,-0.26914832,0.056413792,0.31179434,-0.054573882,-0.07887885,-0.026673364,-0.15080765,0.14252669,0.39767244,0.18126115,0.044133104,-0.024351979,-0.10147981,0.33621037,0.45645177,0.14723885,-0.05605132,0.09017979,0.30773386,0.45443404,-0.0150153935,0.10640498,-0.06616148,-0.0904341,-0.21434891,-0.0095532285,0.1962444,0.35751766,-0.0143655,-0.16531385,-0.20761876,-0.025002133,-0.22029108,0.20787989,-0.20869417,0.19440699
-0.48495463,0.6340324,0.76391643,0.8397469,-0.7666645,0.748688,-0.77059525,0.70007396,-0.8285217,-0.7877047,0.84884465,0.64261097,-0.6954957,-0.73946804,-0.770588,0.9004926,-0.7063313,0.7773585,-0.8596024,0.6989779,0.7596008,-0.7935309,-0.42429814,-0.08652302,0.79141426,0.7477729,0.67507875,-0.51542103,0.0075219637,-0.7922162,0.7302316,-0.7226922,-0.608137,-0.33601642,-0.7985983,0.7148765,0.764394,-0.60770106,0.75602627,-0.76006925,-0.7353493,-0.7014058,-0.77536994,0.786501,0.830835,0.7958172,0.7479561,-0.7809103,0.6928668,-0.8323278
-0.057640817,-1.1428417,-0.83264375,-0.81601083,0.8769383,-1.0010812,1.0086424,-0.8101509,0.96363,0.897204,-0.8388439,0.7101146,0.7953334,0.89042264,0.7399447,-0.7956012,0.8304417,-0.8261215,0.6244645,-0.91136307,-0.99472183,1.0351282,1.1533474,0.6882651,-0.68987453,-0.951676,-0.8448938,0.9981566,0.8681092,0.9403986,-0.6394634,0.96932167,0.9840679,1.0631257,0.7713288,-0.82031727,-0.8972708,-0.382459,-0.884889,0.8122349,0.75314516,0.7938172,0.8654357,-0.8303293,-0.9387084,-0.62090707,-0.906747,0.83760667,-0.93269014,0.9861041
-0.5962903,0.7501187,0.7458556,0.86671656,-0.8070042,0.7525377,-0.7615172,0.70313114,-0.8416651,-0.7959958,0.79578835,0.6154284,-0.70881796,-0.79942065,-0.77394,0.84570736,-0.734633,0.7690918,-0.75205153,0.78362584,0.7560991,-0.75170416,-0.4147105,-0.23350638,0.78909177,0.8141285,0.69686776,-0.54593253,0.07730979,-0.76471835,0.72394085,-0.6664861,-0.48788446,-0.23438273,-0.8314255,0.7344471,0.8361513,-0.6040103,0.67872334,-0.7732365,-0.7401311,-0.67935133,-0.7597747,0.7607661,0.8536376,0.76615167,0.7893175,-0.7391976,0.6689575,-0.75232697
0.82043946,-1.0621974,-1.0268048,-0.7660278,0.95263046,-1.1012237,-0.24839105,-0.76731056,1.1109829,0.97342354,-0.79161125,0.21832675,1.1037394,0.6870711,0.9690369,-0.8296668,1.0186627,-0.6931579,1.0555278,-0.94976664,-1.0722486,0.9602175,-2.2343748,0.8328714,-0.8450162,-0.6178175,-1.0161515,0.9944987,1.2818676,0.95460886,-0.9527913,1.171369,1.2393042,1.3967783,0.78022707,-1.0004002,-1.0306973,1.1129873,-1.1397496,0.93808913,1.0152692,-0.7050642,0.75964195,-0.7596851,-0.83392954,-0.804311,-0.67461413,0.5595747,-0.90870285,1.1184816
-0.4741995,0.63878983,0.7357343,0.77755266,-0.69869787,0.76262516,-0.68782586,0.70843774,-0.7254317,-0.75805265,0.7640776,0.5315013,-0.6721686,-0.77082354,-0.73964894,0.76480514,-0.6330812,0.73072857,-0.7386826,0.7574349,0.6599187,-0.58992755,-0.28354588,-0.27834406,0.7209502,0.7225021,0.6324005,-0.3599884,0.0046386,-0.66495246,0.74134266,-0.6078578,-0.53273326,-0.4507076,-0.8021122,0.66070163,0.81051314,-0.60067546,0.68805087,-0.73943216,-0.703376,-0.5904902,-0.76090527,0.66245264,0.79528856,0.7282511,0.8119791,-0.67811257,0.6952175,-0.6475555
0.42918336,-1.0275949,-0.91112727,-0.9257707,1.0368632,-0.7298301,1.1171575,-0.90031534,1.019406,0.8959855,-1.0110759,-1.1762577,0.68227446,0.95041305,1.0804754,-0.918601,0.9994123,-0.93911135,0.9026957,-0.96748966,-0.8875722,1.1326576,0.48079956,0.4743675,-0.93452287,-1.0086927,-1.1636308,-0.052288167,-1.0717697,0.9896737,-0.8380894,0.33500263,-0.3587009,0.7442159,0.9661068,-0.98816735,-0.8819341,-0.6112681,-0.59164953,0.8121047,0.97938836,1.0158453,0.98756146,-1.0517668,-0.9679478,-0.93755263,-0.8780299,0.9877309,-1.0524819,0.99156857
-0.59927565,0.6005799,0.8064405,0.8024333,-0.7396195,0.7693453,-0.7303441,0.7341876,-0.7900277,-0.7875083,0.7726676,0.52047914,-0.73683023,-0.76701975,-0.7379366,0.78391176,-0.6210692,0.70593804,-0.82234776,0.756074,0.6713483,-0.61128783,-0.17175414,-0.24672113,0.7429478,0.7137781,0.7191411,-0.49406245,-0.11607466,-0.69757414,0.7607896,-0.65176827,-0.51220924,-0.39038995,-0.81117386,0.75220543,0.82289094,-0.5155544,0.7301038,-0.77579296,-0.74475133,-0.5930698,-0.7668892,0.74209577,0.73870236,0.8179057,0.7590206,-0.72076726,0.7492491,-0.6871563
0.18049257,-0.49494258,-0.35990244,-0.030444954,0.2190854,-0.44217923,0.07526314,-0.27044198,0.06572053,0.24664003,-0.25196332,1.0583318,0.38370293,0.07804926,0.22753334,-0.19105577,0.3690458,-0.09753492,-0.09356136,-0.2926576,-0.3160356,0.13612178,0.46022615,-0.032334115,0.19079189,-0.17558412,-0.17898676,0.4769599,0.5428166,0.21868008,-0.28948182,0.24691063,0.3597501,0.5684385,0.10791918,0.041104257,-0.2868587,0.0059278333,-0.19147249,0.052614227,0.35856417,0.5317802,0.22806449,-0.38245082,-0.15938435,-0.078725755,-0.3940777,0.16622305,-0.31265223,0.3853625
-0.40646333,0.66495943,0.7821171,0.79911083,-0.6839588,0.90463436,-0.6210521,0.69743264,-0.7533855,-0.80960673,0.72847736,0.2988711,-0.80176544,-0.72569674,-0.749516,0.7248425,-0.6677296,0.69327366,-0.7063614,0.83415407,0.70778453,-0.4792265,-0.14643651,-0.19570619,0.6584297,0.7174614,0.60330784,-0.39304304,-0.20461117,-0.6803874,0.75322336,-0.6790803,-0.72006917,-0.5277704,-0.7771216,0.6948587,0.8885418,-0.5926659,0.77059406,-0.7493314,-0.71880215,-0.640333,-0.7731381,0.7883141,0.7156764,0.7235415,0.830914,-0.6537802,0.6947771,-0.7102383
-0.6812379,-1.0813317,-0.4225972,-1.0489699,0.98518175,-0.42455193,0.95608014,-0.706252,0.9495095,0.97642994,-0.81434256,-1.4534438,-0.59482896,0.76058793,0.8843173,-0.85045624,0.8492033,-0.7205262,0.8104433,-0.80041534,-0.5756596,1.0087441,0.85698146,0.9671636,-1.0660247,-0.8968344,-0.533226,0.9722606,0.7702561,0.87679714,-0.7439236,0.6888604,0.71004486,-1.8837861,0.86568546,-0.9459622,-0.8712867,1.0943255,-0.52514577,0.8703632,0.83591366,0.7264179,0.7131491,-0.6304805,-0.81564605,-0.61746347,-0.8843173,0.8816906,-0.57874554,0.6965271
-0.564896,0.6403695,0.71599424,0.78443956,-0.78916734,0.64644134,-0.77449685,0.68197024,-0.85540664,-0.8055602,0.8294365,0.69295937,-0.67988217,-0.75234556,-0.7510747,0.82355934,-0.6590546,0.7437261,-0.8395456,0.67948276,0.68587124,-0.78652555,-0.26045358,-0.035875592,0.75823164,0.7254799,0.6359303,-0.5302618,0.0406225,-0.7957619,0.68024594,-0.6436234,-0.50539285,-0.35830194,-0.7940884,0.74577147,0.72619796,-0.56429917,0.71574235,-0.74996316,-0.7120229,-0.6239324,-0.74943405,0.7210356,0.8314798,0.8050135,0.7204786,-0.76066864,0.68936956,-0.72948647
-0.49003172,-0.18973176,-0.410015,-0.22694117,0.16740055,-0.53041714,-0.03330205,0.051662732,-0.0718024,0.23531194,-0.2825669,0.44824788,0.26826793,0.26571643,0.205543,-0.39462295,0.19484882,-0.35709655,0.04263472,-0.41279802,-0.2743869,0.035685584,0.62001157,0.5026545,-0.19030912,-0.26191807,-0.19966309,0.04687965,0.37625465,0.25345162,-0.3929724,0.30901828,0.4686179,0.41776627,0.1810313,0.33008042,-0.3632055,0.38455045,-0.26162145,0.27977633,0.1865721,0.38573784,0.33061105,-0.07228838,-0.23792149,-0.004392323,-0.44026136,0.030660607,-0.116047926,0.33678773
-0.48821375,0.7141167,0.72926855,0.8213928,-0.7312815,0.77576524,-0.65673405,0.6957825,-0.78303415,-0.80037385,0.70673674,0.43469158,-0.7246942,-0.7367294,-0.77196157,0.70805746,-0.66739184,0.6993401,-0.69268525,0.78372514,0.6914433,-0.5333098,-0.23737897,-0.17909448,0.7140989,0.749463,0.6244169,-0.42555383,-0.04217521,-0.67203337,0.72373396,-0.6156912,-0.5476855,-0.38872927,-0.7922697,0.7310004,0.87231064,-0.53302085,0.6727733,-0.7504999,-0.71986663,-0.60867757,-0.7607255,0.7388157,0.74858546,0.7029636,0.81511396,-0.6584734,0.65608394,-0.67070913
0.2599856,-0.47973856,0.11571643,-0.12205581,0.24375054,-0.17850426,0.22374041,0.0977667,0.21276373,0.35174844,-0.17564479,-0.22377478,-0.07003782,0.20655702,0.18184477,-0.06699034,0.33034155,0.07493638,0.015973685,-0.23957564,-0.083830096,0.20338115,0.30064613,-0.1263729,-0.19144353,-0.2338886,-0.18673372,0.07960108,-0.1160199,0.23968458,-0.06314614,0.1301286,0.13625616,-0.34531012,0.22093563,-0.2064029,-0.20964013,0.19690111,0.09486957,0.2741992,0.22189462,0.15718184,0.09231572,-0.0348946,-0.29135424,-0.09357217,-0.1918896,0.15802658,0.206787,0.25225642
-0.58334535,0.32754743,0.87136817,0.6444673,-0.71518666,0.9807297,-0.7763698,0.6892771,-0.38105926,-0.7199295,0.7350394,-0.02384559,-0.74198514,-0.7561595,-0.75115716,0.67079836,-0.773293,0.72250724,-0.7420693,0.77587473,0.73088384,-0.58783853,-0.5069274,-0.14304706,0.5174447,0.6984949,0.8091807,-0.44884983,-0.15741238,-0.677107,0.7549974,-0.89354366,-0.82146204,-0.5130777,-0.7115854,0.6664397,0.81405413,-0.5673849,0.88000834,-0.65828794,-0.80525017,-0.91265017,-0.72609884,0.797689,0.7051183,0.7306014,0.7888562,-0.7088899,0.5773327,-0.75499797
0.36940756,-0.35627422,-0.041343678,0.12602642,0.20888744,-0.05972794,0.34708238,0.065528914,0.08323166,-0.0057577547,-0.11107312,-0.13543548,-0.14458758,0.05223294,0.02398986,-0.049201455,0.17661467,-0.06366385,-0.0868996,-0.03355046,-0.059168857,0.4034958,0.537094,-0.070388995,-0.10320625,-0.09477822,-0.18410112,0.37899432,0.038493376,0.18147919,-0.05877598,-0.08019248,-0.06521947,-0.019798573,0.15811709,-0.043394238,-0.05871747,0.105855346,0.11407605,0.050697576,0.018951619,0.12435194,-0.11536333,0.027770339,-0.30397338,0.10639105,-0.06928875,0.10420362,0.08715857,0.045519385
-0.54336804,0.6114349,0.6976804,0.77563876,-0.7578054,0.65410054,-0.75826806,0.67593926,-0.85826546,-0.7739954,0.83079785,0.66134334,-0.6606389,-0.7369125,-0.72386473,0.8092431,-0.6468222,0.7515866,-0.8525079,0.6182142,0.6845729,-0.82920915,-0.25115517,0.018682783,0.7735911,0.6933262,0.58952177,-0.51139486,0.008086248,-0.79413766,0.6533312,-0.64463097,-0.51127267,-0.32954928,-0.7951686,0.73032105,0.68997794,-0.5408677,0.717299,-0.7258296,-0.6890734,-0.6104824,-0.72472024,0.69923455,0.82550555,0.8032349,0.6870247,-0.74972415,0.65670973,-0.730975
0.83724946,-0.7776519,-0.8019006,-0.6349594,0.7157125,-0.070792,0.7566954,-0.78016335,0.39645606,0.48971906,-0.73966324,-0.46777532,0.756745,0.74640805,-0.056102004,-0.804552,0.6643224,-0.7368455,0.6930757,-0.6270833,-0.7228869,0.6767311,-0.032398492,0.8039756,-0.54816806,-0.30501983,-0.82616913,1.0131447,0.82126045,0.6657053,-0.6794947,0.80070984,0.7667004,0.9860171,0.4968058,-0.5981433,-0.6045016,0.7090196,-0.943364,0.5396299,0.8148584,0.87461036,0.6154931,-0.7528736,-0.7170247,-0.6759348,-0.6804152,0.7263364,-0.8526327,0.8512697
-0.36120185,0.62260026,0.77303874,0.75402594,-0.6676681,0.87316644,-0.6593581,0.6728304,-0.71556675,-0.7652192,0.72597796,0.27686897,-0.77564865,-0.70880425,-0.7129737,0.76386946,-0.638245,0.6981106,-0.74643475,0.7594312,0.6508227,-0.5109237,-0.2710863,-0.24911693,0.6743079,0.68584734,0.56864494,-0.38646185,-0.2956054,-0.6625684,0.73326385,-0.6290468,-0.72813624,-0.53481966,-0.7430089,0.62631655,0.7932577,-0.62729913,0.82516134,-0.73300207,-0.70031554,-0.61723727,-0.7659506,0.72782725,0.7327076,0.7286723,0.7777225,-0.6629342,0.6890216,-0.7118297
1.1551219,-1.2324824,-1.1187402,-1.1009647,1.1208752,-1.174298,1.2343502,-1.0420806,0.98381484,0.92252916,-0.91628575,-0.93848914,1.0005175,0.7575917,0.6124068,-0.87948424,0.90906465,-0.8430117,0.7093174,-1.0031047,-0.099279635,1.037577,-1.0536242,-0.42934713,-0.9688295,0.36783332,-0.41292834,1.3358874,1.2233752,0.9503589,-1.0208924,0.8865182,1.1092513,-0.35166952,0.82050234,-0.66429234,-1.0351218,1.122888,-1.1391697,0.96284777,1.074014,1.1622884,0.86454856,-1.0306908,-0.92820376,-0.7828128,-1.064101,1.0849069,-1.1604713,1.052681
-0.70021415,0.80337,0.76882744,0.86224496,-0.68468326,0.6981953,-0.91178024,0.63743913,-0.7883998,-0.75294256,0.7671238,0.40258437,-0.6535702,-0.7916505,-0.76689553,0.7860401,-0.7466579,0.7095763,-0.7119482,0.75212985,0.7481615,-0.83725315,-0.37882295,-0.06828849,0.67892486,0.82836354,0.6455811,-0.57445616,-0.06944117,-0.74268615,0.6616124,-0.5867747,-0.43889466,-0.43268955,-0.69993305,0.7766549,0.7750232,-0.6131786,0.64775133,-0.70853204,-0.7259681,-0.37712714,-0.72463083,0.70513284,0.786456,0.72822094,0.7726173,-0.67913187,0.60721344,-0.5377828
1.0808064,-0.71086556,-0.87122196,-0.83559823,1.0552999,-0.7402818,0.96567625,-0.7883078,1.0182925,0.8982069,-0.99782246,-0.99247205,-0.14657663,0.93248165,0.85744673,-0.76005536,0.9242844,-0.7229454,0.8255335,-0.67214674,-0.8162147,1.0154579,0.55229527,0.54465806,-0.861884,-0.682014,-1.0260623,1.0166401,-0.8939243,0.8591827,-0.9063136,0.93302244,-0.6373613,0.59512186,0.84141487,-0.8847231,-0.82202864,0.8040637,0.8234543,0.79148096,0.8985607,0.80704993,0.71398443,-0.5794776,-0.82138747,-0.8619349,-0.8051593,0.908772,-0.9308649,0.78497577
-0.71069646,0.9159904,0.76818746,0.71205336,-0.9086825,0.75558406,-0.9113095,0.6344099,-0.8088338,-0.64197737,0.7859311,0.72444123,-0.71533823,-0.7897673,-0.800644,0.60616577,-0.7931617,0.6264367,-0.6625446,0.5746271,0.7027357,-0.8318932,-0.46789086,0.17994861,0.7219189,0.7791962,0.8344733,-0.6980132,0.019556612,-0.7510659,0.63753784,-0.33946577,-0.421785,-0.5555623,-0.75360215,0.8517351,0.8159866,-0.53428906,0.60462093,-0.7381949,-0.86485696,-0.82047635,-0.71393245,0.80410004,0.77908874,0.5378411,0.7655386,-0.57448345,0.7357941,-0.67705685
0.515701,-0.87453663,-0.5544092,-0.23622583,0.8134483,-0.32499883,0.7659575,-0.5230584,0.7203493,0.65476406,-0.7341489,-0.4799656,0.3981489,0.5930035,0.7560288,-0.572674,0.84625524,-0.5585928,0.52009606,-0.5059995,-0.7602327,0.8281432,1.0122061,-0.6840887,-0.5347514,-0.70442003,-0.8079964,0.5417113,-0.10802186,0.73407453,-0.45873702,0.5239758,0.3039455,0.16894047,0.6129044,-0.6901701,-0.6145086,0.52552736,-0.21302281,0.4534624,0.70845896,0.7870086,0.51379925,-0.7684483,-0.7240671,-0.48412168,-0.6571482,0.6698303,-0.653056,0.5451573
-0.4807734,0.6044231,0.80418414,0.5741344,-0.6386462,0.94837946,-0.76006323,0.72540545,-0.7042961,-0.6736365,0.75239426,-0.068607695,-0.72918904,-0.78317773,-0.71115124,0.76847863,-0.7412613,0.75241995,-0.75570077,0.73311394,0.75574374,-0.6029033,-0.4250707,0.013392886,0.48341608,0.712486,0.781308,-0.3924389,-0.14198151,-0.6731914,0.75026137,-0.94962853,-0.8252505,-0.9677785,-0.69201654,0.6470152,0.7534979,-0.54195386,0.80434036,-0.6657536,-0.79804665,-0.90155953,-0.7371743,0.4748144,0.6983756,0.72934985,0.763843,-0.7409768,0.9077961,-0.80753875
1.0932155,-0.8783466,-0.8748295,-0.9121322,1.0202006,-0.7851881,1.0700432,0.046836786,1.003868,0.83612657,-0.9681445,-1.0492665,0.39052266,0.8113635,1.0209193,-0.878408,1.021281,-0.88971335,0.8376322,-0.87801886,-0.92316633,1.0545712,1.0800567,-0.32311276,-0.8937904,-0.96927565,-1.0775622,0.9795021,0.5366291,0.98352635,-0.78107625,0.7933412,0.61063,0.24572201,0.8275039,-0.9165917,-0.82504815,-0.6008246,0.2269953,0.87022775,0.9209164,0.73977244,0.8180704,-0.9415336,-0.9125745,-0.89776605,-0.86070716,0.97071,-0.94463253,0.9189139
-0.5108974,0.5518693,0.8429671,0.83135206,-0.72440505,0.76125914,-0.7577916,0.72919005,-0.73548055,-0.77508533,0.75040627,0.6243821,-0.7159769,-0.72424334,-0.7669085,0.8046105,-0.5937977,0.728618,-0.8248819,0.78839886,0.6390095,-0.6165101,-0.17161195,-0.30747846,0.782428,0.7197922,0.7296764,-0.43377426,-0.09491251,-0.66933066,0.7956504,-0.620255,-0.46455044,-0.35599765,-0.79160863,0.6823303,0.79433507,-0.5839277,0.6921157,-0.79713625,-0.72281367,-0.54994315,-0.77838373,0.68823385,0.7132208,0.8172955,0.73399556,-0.698029,0.72698665,-0.6893778
0.36800998,-0.32560688,-0.022885494,0.11893214,0.12531625,0.078549854,0.31863934,0.064677335,-0.0740522,-0.128513,-0.017844386,-0.044689603,-0.1892872,-0.06435648,-0.14913827,0.034571197,0.05833009,0.08467033,-0.21263464,0.14520313,0.049668737,0.3050112,0.49335477,0.2885207,-0.0019374299,0.060150977,-0.08006483,0.5259378,0.23876008,0.06111521,0.12267124,-0.46853328,-0.4230869,-0.2779053,0.00673114,0.0678079,0.107822575,0.034250703,0.27183867,-0.04479475,-0.059297927,0.019539554,-0.15509951,0.14508767,-0.05103397,0.11342877,0.01967882,-0.008792303,0.18215019,-0.019491369
-0.5405087,0.576265,0.8716394,0.35777014,-0.6002012,0.9872467,-0.476009,0.6642366,-0.65427953,-0.7622293,0.6996734,-0.19848728,-0.67070717,-0.7793902,-0.76915437,0.61905724,-0.72839785,0.6375768,-0.6296794,0.8561162,0.7222057,-0.38249367,-0.60004693,-0.32621056,0.48167598,0.7164707,0.77481246,-0.31039634,-0.30830798,-0.6016599,0.7949482,-0.7809064,-0.8190544,-0.84830886,-0.70724654,0.6315588,0.9106084,-0.5076392,0.72317517,-0.6489233,-0.7637844,-0.8150214,-0.7170744,0.82792455,0.5444935,0.6986779,0.828664,-0.6341161,0.86054265,-0.6583505
-0.47802722,0.245091,-0.50163114,-0.07652266,-0.21713316,-0.4410622,0.2323834,-0.16226657,-0.33206216,-0.022872236,-0.039900947,0.5040069,0.2547563,-0.050476428,-0.2075207,-0.10985106,-0.037865605,0.027572075,0.07074318,-0.13088703,0.05528659,-0.42059395,0.24162155,0.8104169,-0.045563042,0.07411439,-0.15050101,-0.09562325,0.7750545,-0.034419388,-0.40860456,0.21231319,0.4655689,0.522326,-0.048334528,-0.0032194979,-0.22119197,0.02348402,-0.13153894,0.10803852,0.19252917,0.078434594,0.16519141,-0.20469564,0.05566214,-0.16108547,-0.28143463,0.13469225,-0.30566472,0.25970376
-0.3797467,0.66658545,0.77821344,0.78295547,-0.6809,0.9244497,-0.61903787,0.7047079,-0.75005895,-0.79811686,0.7222654,0.24562234,-0.8310172,-0.73115087,-0.7362555,0.75318176,-0.6661445,0.69491845,-0.73026454,0.8075646,0.69507134,-0.4649679,-0.18317337,-0.24373385,0.6910491,0.7098665,0.59584546,-0.41293913,-0.28302255,-0.68050027,0.7451624,-0.67371786,-0.779408,-0.5602389,-0.7663638,0.6971313,0.86366445,-0.60627306,0.8687407,-0.7551592,-0.7315502,-0.6581067,-0.78009427,0.79348564,0.74093884,0.7400072,0.81686,-0.67283815,0.71454936,-0.7429302
0.2538977,0.13044897,-0.08109764,0.2651522,0.023420865,-0.038935855,0.2063272,0.083720826,-0.2549711,-0.16166455,0.07587082,0.010735096,-0.19124582,-0.08507455,-0.25867763,0.20141208,-0.21810862,0.2534735,-0.11939085,0.021135254,0.2591773,0.027597848,0.5289141,0.8069873,0.02430651,0.0454071,-0.14939432,0.22130477,0.57146645,-0.0040119705,-0.06709209,-0.65385395,-0.13411789,-0.54661626,-0.099034555,0.13569531,0.098543085,-0.35483414,0.2509701,-0.01602575,-0.1793395,-0.0776094,-0.1740383,0.19146913,0.21057361,0.05921901,0.07212376,0.038627982,0.04196915,-0.11824547
-0.44228682,0.6393113,0.7164032,0.7769202,-0.6917215,0.72510934,-0.70478356,0.6385611,-0.7423585,-0.6929101,0.7324806,0.510025,-0.64882654,-0.7294402,-0.7075688,0.7709681,-0.6691979,0.7022694,-0.74106055,0.7113924,0.6398918,-0.66430783,-0.33021113,-0.18868522,0.6998947,0.69638735,0.6270308,-0.42625168,-0.050878283,-0.6950116,0.6827938,-0.64227164,-0.5034711,-0.39021268,-0.7434468,0.6548229,0.73387825,-0.58354235,0.67437035,-0.71011764,-0.68834454,-0.6087594,-0.72441554,0.6830297,0.75938445,0.7184141,0.7332847,-0.68874717,0.6549876,-0.69138753
-0.48072064,-1.0544224,-0.9024548,-0.77661866,0.9193036,-0.995066,0.9137664,-0.5772843,0.8784558,0.80961084,-0.73256254,-0.38288397,0.7965263,0.74680996,0.91831124,-0.8253304,0.9481363,-0.8222626,0.6991117,-0.8994363,-0.8971084,0.9547905,1.1176854,-0.4768059,-0.65388304,-0.8732566,-0.7143821,0.92428815,0.83386695,0.87281406,-0.6142462,0.50664103,0.92820626,0.9456857,0.86978745,-0.848876,-0.85205346,-0.38248724,-0.8803199,0.7439533,0.8981617,1.0517323,0.8051192,-0.84325415,-0.88643134,-0.6948064,-0.9069377,0.82302046,-0.815844,0.8851045
-0.3821609,0.5602455,0.7587233,0.79009986,-0.68098736,0.72119224,-0.73473996,0.6775165,-0.74377316,-0.75435394,0.8143637,0.57291996,-0.6860427,-0.7048289,-0.7222945,0.84409046,-0.6358296,0.76589346,-0.8211334,0.64976925,0.682632,-0.71867007,-0.32288605,-0.21646887,0.7234371,0.6687547,0.59530187,-0.41849053,0.00781708,-0.73676485,0.71397,-0.66116947,-0.56986076,-0.38825357,-0.7520785,0.6549865,0.71340317,-0.6351122,0.73122466,-0.7139438,-0.6693932,-0.59681904,-0.75239044,0.70465523,0.78658694,0.74791026,0.7079438,-0.7137412,0.6496174,-0.75096226
0.48463538,-0.4658322,-0.38974935,-0.40053457,0.29531533,-0.23346215,0.51295376,-0.27557468,0.18215388,0.23674153,-0.27247295,-0.50489634,0.19648057,0.2580595,-0.04779395,-0.20902246,-0.06652374,-0.39740846,-0.04688383,-0.19141018,-0.010075735,0.4114576,-0.99023795,0.90950644,-0.5314005,0.050214037,-0.047821786,0.49352875,0.4021236,0.21130171,-0.14417693,-1.1258783,-0.18339615,-0.40751243,0.4457267,-0.12070749,-0.4698435,0.3702953,-0.21423292,0.42301032,0.1721947,-0.0943165,0.0148211075,0.283734,-0.37776434,-0.23204447,-0.15712705,0.20064811,0.1462486,0.12175934
-0.35460958,0.59957504,0.69929075,0.71956986,-0.699255,0.5137908,-0.8101239,0.6565123,-0.7532164,-0.77950406,0.7997519,0.78812337,-0.6083051,-0.7346261,-0.56820023,0.83538127,-0.70548785,0.7555247,-0.7166759,0.66061974,0.7127514,-0.8377175,-0.522603,-0.12713617,0.7455428,0.40854847,0.6821074,-0.24005646,0.05176974,-0.72840065,0.69290936,-0.68552274,-0.64173967,-0.5428403,-0.77849185,0.60120475,0.68267506,-0.74356043,0.717545,-0.73375493,-0.6957455,-0.65550727,-0.7686863,0.6861786,0.7690093,0.76869345,0.64586836,-0.72985494,0.62774765,-0.75396055
0.024476148,-0.18992749,0.027729383,-0.13460578,0.100231305,-0.061935086,0.20386806,0.10689802,0.1071132,0.16570817,-0.14569974,-0.3458334,-0.008314687,0.009452261,0.21831828,-0.16563301,0.16397507,-0.065134145,0.12815464,-0.09694114,0.11850493,0.16310266,0.3420629,0.008687174,-0.16664892,-0.2040264,-0.061911646,-0.021548137,-0.3425599,0.14625272,-0.020914901,-0.029778926,-0.011019242,-0.6944413,0.18579568,0.00947568,-0.15449837,0.24435839,0.25303856,-0.030518226,-0.006466641,-0.15242204,0.16356556,-0.03318058,-0.30697283,0.08584198,-0.11259951,0.0835088,0.22531553,0.06752625
-0.56620544,0.56600004,0.80303556,0.7974705,-0.71174365,0.7479171,-0.6740814,0.71114826,-0.73070776,-0.77307403,0.71960664,0.5762626,-0.7257524,-0.7612628,-0.7603761,0.7526891,-0.5889303,0.6838456,-0.78422534,0.7843813,0.6390503,-0.55417645,-0.09121463,-0.27794737,0.761459,0.72503215,0.7228143,-0.42198864,-0.0016320216,-0.6302767,0.77620023,-0.6481283,-0.45431462,-0.31672594,-0.79637665,0.70149416,0.8190761,-0.5720403,0.66808987,-0.7835757,-0.73960316,-0.5451394,-0.7599916,0.6925363,0.6928144,0.8045032,0.75124973,-0.67252403,0.71681124,-0.6626157
-0.59781855,-1.2232683,-0.8560143,-1.151733,1.1605823,-0.9819321,1.1442654,-0.8153394,1.0671749,1.0111282,-0.9016762,-1.4872755,0.79217523,0.93994033,1.0008624,-0.9569293,0.86470497,-0.7164411,0.827785,-0.9038607,-0.75951415,1.1311183,-1.2258162,-0.79872006,-1.1541793,-0.9837425,-0.9604161,1.1061673,0.8829157,0.9938337,-0.79503804,0.8790941,0.87607044,-1.6761458,0.93925816,-0.99326015,-1.0221514,1.2128289,-0.7557492,1.0614305,0.9607212,0.8848514,0.89409554,0.75355273,-0.9280205,-0.7981672,-0.97936314,0.92865616,1.505916,1.031854
-0.5409486,0.72245294,0.72206396,0.8542376,-0.7434744,0.7943454,-0.5989909,0.6731272,-0.7666072,-0.8255479,0.6704509,0.5440006,-0.71804005,-0.75799143,-0.7809398,0.6811235,-0.632344,0.62387496,-0.668089,0.8495346,0.6755525,-0.49761036,-0.16619705,-0.22366285,0.7666189,0.76840687,0.65380716,-0.45141602,-0.01754255,-0.6414266,0.6990838,-0.52557176,-0.45482966,-0.22657512,-0.8249717,0.7697291,0.9225111,-0.5354269,0.62261295,-0.77833813,-0.7272579,-0.5690239,-0.7658079,0.7405655,0.70584494,0.71807665,0.819189,-0.61277485,0.63161063,-0.62157404
0.97365856,-1.105632,-0.8559277,-1.1738749,1.1016015,0.24454054,1.0906198,-0.72774553,1.0490263,0.93983656,-0.9417062,-1.6016681,0.6890657,0.8183827,0.95776975,-0.99928236,0.85389435,-0.92572874,0.8957278,-0.79221207,-0.676706,0.11226456,0.8838037,1.0726503,-1.2059997,-1.0145897,-0.933542,-0.6842318,-1.2204297,1.0100218,-0.8819245,-0.18025279,0.62088186,-2.01197,0.9455708,-1.0559466,-0.8609349,1.2046863,-0.83358216,1.036781,0.37404552,0.74393666,0.902733,-0.92068547,-1.035939,-0.83925974,-0.89851815,0.9796399,-0.39026672,1.0572929
-0.37028664,0.59546757,0.79992265,0.760904,-0.65936553,0.9076466,-0.6489414,0.68217665,-0.71074456,-0.769179,0.7480716,0.2675148,-0.78687,-0.7217868,-0.7159108,0.7858006,-0.65484726,0.7132569,-0.7730687,0.76462406,0.6789304,-0.5061954,-0.29121304,-0.2921831,0.6782193,0.6887178,0.5801362,-0.3720981,-0.22772656,-0.6779319,0.7536982,-0.6865031,-0.7630073,-0.57571703,-0.74461097,0.6340368,0.8054623,-0.69210273,0.839116,-0.75286156,-0.7166432,-0.6532187,-0.78189695,0.7496495,0.7415689,0.74889773,0.79342014,-0.67622757,0.70067924,-0.7444907
0.6559343,-0.8008553,-1.0078491,-1.1165763,-1.0706949,-1.0502635,-0.3808422,-0.5463718,0.9906171,0.6778006,-0.51299286,-0.9766875,0.86178076,0.87338525,1.0728167,-0.9883021,0.9180192,-1.0132253,0.88030326,-1.0209574,-0.79717034,0.584437,-0.93334025,1.4603189,-0.89457136,-0.9776875,-0.1152319,0.7216806,1.1303391,0.77116555,-1.087472,1.0179353,1.1895347,1.0761153,0.8587745,-0.82387286,-1.0147661,1.2004931,-0.6300016,0.939373,0.522556,0.8877153,0.8951587,0.03314875,-0.80144197,-0.8386918,-0.8700621,0.9984473,-0.98861563,0.52479917
-0.55487657,0.7029504,0.6472172,0.81757563,-0.7992378,0.7027257,-0.65603775,0.6454129,-0.86723423,-0.8384689,0.72800195,0.6891066,-0.6853251,-0.7320957,-0.8110044,0.7232366,-0.6714393,0.672251,-0.7142381,0.77073413,0.7225563,-0.636088,-0.27938738,-0.03169012,0.7720079,0.77402073,0.67587125,-0.42013058,0.09048492,-0.72845995,0.6476574,-0.64468056,-0.49527767,-0.27226874,-0.8094896,0.8008157,0.8267667,-0.535146,0.6196743,-0.73520774,-0.7149186,-0.62422466,-0.7305531,0.736497,0.7601788,0.74257565,0.7570718,-0.6903099,0.6447856,-0.66774726
1.1042494,-0.9134397,-1.0308207,-0.96380734,0.9880489,-1.0800076,1.0929072,-0.92148393,0.9104396,0.8423029,-0.9119665,-0.86484545,0.9500865,0.8551874,0.45490563,-0.94788086,0.91055006,-0.9071776,0.95531094,-0.91873074,-1.0217248,0.34790906,-0.8571739,-0.6034737,-0.94875467,-0.86861306,-0.95535296,1.2718318,1.2104405,0.99986124,-0.856214,1.0358078,-0.23404115,1.2469623,0.8830334,-0.9260146,-0.9347655,1.0790879,-1.1604102,0.99307233,1.0391096,1.142186,0.8653997,-0.98021406,-0.8884374,-0.9043036,-0.9530443,1.0061282,-1.1032351,1.0267204
-0.32703057,0.5730622,0.7756771,0.76113856,-0.64793384,0.8841574,-0.61789304,0.67609775,-0.7122541,-0.74820536,0.73601735,0.2649611,-0.792167,-0.69502336,-0.68809736,0.7824144,-0.6504817,0.7081974,-0.76870584,0.74779314,0.6862415,-0.51407844,-0.17679171,-0.29228702,0.67625433,0.67537916,0.5599035,-0.388527,-0.31046584,-0.6876219,0.72405744,-0.6398096,-0.769592,-0.5485655,-0.73394585,0.64680445,0.7785812,-0.595122,0.8753191,-0.7366742,-0.70899814,-0.6396297,-0.7588735,0.7322207,0.73664373,0.7390312,0.7704875,-0.66292536,0.6690158,-0.74269825
-0.37685272,-0.36890334,-0.8342422,-0.5187064,0.6824844,-0.77522695,0.8182817,-0.6640232,0.7628128,0.6462012,-0.50549275,1.1849939,0.8579519,0.6638295,0.49966398,-0.3805937,0.27009737,-0.31329587,0.5853406,-0.6903127,0.52250516,0.47175217,0.32434887,-0.52321845,-0.56986225,-0.14968447,-0.7569801,0.84425133,1.3286239,0.5855463,-0.75160974,-0.5063939,0.41207954,1.2510399,0.44144982,-0.6139495,-0.76774395,-0.59585005,-0.83687735,0.8528914,0.70292294,0.78800327,0.493279,-0.05064968,-0.45485654,-0.55797064,-0.7270698,0.63107145,-0.8120784,0.28237247
-0.5254366,0.62842834,0.78738874,0.82578635,-0.7463152,0.74941444,-0.72878844,0.7126176,-0.8102228,-0.78997475,0.7894216,0.5947734,-0.74802864,-0.75790995,-0.7587778,0.8209389,-0.6479662,0.7267721,-0.8085327,0.7472792,0.69087374,-0.66678154,-0.19908199,-0.17570879,0.77234465,0.7325194,0.71105665,-0.48765862,-0.05645805,-0.726807,0.75257564,-0.6892048,-0.5351994,-0.33324388,-0.79817504,0.7587158,0.794498,-0.5607931,0.7153416,-0.7718317,-0.7319578,-0.60821563,-0.76893973,0.7412177,0.7625792,0.79723245,0.759505,-0.7317434,0.7005654,-0.73643726
0.7681084,-0.7228746,-0.4486751,-0.7397714,0.77599907,-0.34562188,0.7857912,-0.4221737,0.7517,0.6943309,-0.69994617,-1.2316232,0.29278353,0.6249174,0.6830462,-0.66749614,0.45236555,-0.37911236,0.49776575,-0.47703347,-0.38662043,0.83351916,0.67459387,0.37540874,-0.86972106,-0.7544894,-0.7268484,0.7821486,-0.7711463,0.5624212,-0.6047051,0.40325376,-0.16227213,-1.4602531,0.7072193,-0.7133545,-0.4636232,0.67943794,1.1557316,0.6908665,0.659134,0.42977354,0.56706375,-0.5554694,-0.58790857,-0.40929687,-0.5568936,0.6217159,-0.33988607,0.52259344
-0.53235227,0.71178144,0.7520281,0.8388859,-0.7850002,0.7433503,-0.78264827,0.73256016,-0.81733286,-0.7775027,0.8268489,0.5559536,-0.717131,-0.7974512,-0.74482584,0.87266356,-0.7051857,0.79187626,-0.82961196,0.7361559,0.7306705,-0.75543034,-0.37140334,-0.1748565,0.77534556,0.76888657,0.6769992,-0.5302293,0.011485397,-0.75356036,0.7406642,-0.66794163,-0.53616923,-0.37949213,-0.82950157,0.70858395,0.78749824,-0.5769167,0.7691515,-0.78473425,-0.7362371,-0.66411287,-0.7652126,0.7426253,0.85631704,0.7780946,0.7934776,-0.75690395,0.70961136,-0.78068477
0.9338815,-0.21940388,-0.8392947,-1.1086293,1.1304373,-0.9127492,0.7140989,-0.79766905,1.0780089,0.94581956,-0.88746655,-1.5649203,0.7176928,0.830321,1.0504469,-1.0262773,0.96543384,-0.9784995,0.9447784,-0.9273228,-0.8337981,1.2668761,1.0207775,-0.91841227,-1.225869,-1.0388483,-0.9405748,0.038646895,0.89502853,1.0612845,-0.72620636,0.7898522,-0.7466533,-2.2686603,1.0165315,-1.0628421,-0.9266274,1.2843367,0.9475592,1.0777603,0.90294415,0.5089348,0.8985063,-0.8085096,-1.0314097,-0.89304656,-0.9017234,1.0011777,-0.48934907,1.0807947
-0.466098,0.69256806,0.76914895,0.80337405,-0.7183113,0.8458539,-0.6573397,0.7242096,-0.77791095,-0.79971296,0.75557864,0.35523468,-0.7778485,-0.7720405,-0.75238913,0.7744522,-0.68716824,0.730148,-0.7366862,0.80956423,0.70830667,-0.54069823,-0.21358854,-0.24122001,0.70448184,0.74320924,0.6307469,-0.4295969,-0.13244607,-0.69261396,0.75748694,-0.6868916,-0.6609221,-0.49653414,-0.7735668,0.70115834,0.8673516,-0.57615304,0.7995897,-0.7748853,-0.7422734,-0.6553232,-0.78758687,0.7721047,0.7657512,0.74119914,0.84129924,-0.6896951,0.71267545,-0.7342668
0.85138756,-0.6927046,-0.58883464,-0.95008314,0.96666706,-0.7512256,1.0267681,-0.52306396,0.7737667,0.78421605,-0.5901933,-1.2415136,0.54511136,0.55720806,0.60502124,-0.7999744,0.63557833,-0.6098962,0.46576995,-0.59168106,-0.39182067,0.99207217,-1.4312227,1.1726257,-0.9723982,-0.46067956,-0.5512379,0.8126147,0.8473619,0.7390841,-0.5580452,-1.8901204,-0.34837395,-1.9292065,0.91854393,-0.7232826,-0.68410635,0.40737653,-0.62445176,0.90693396,0.4692144,-2.0404317,0.5287219,-0.22854207,-0.76049066,-0.30386844,-0.65609884,0.8000074,-0.29371816,0.23127227
-0.4503176,0.67650497,0.7627148,0.8372542,-0.7404995,0.80131996,-0.7121782,0.7051317,-0.8089321,-0.768827,0.7642568,0.5671906,-0.73097223,-0.7495288,-0.810753,0.77473986,-0.6827889,0.72928363,-0.739219,0.7845147,0.70614475,-0.6461553,-0.19465919,-0.10809385,0.74480337,0.74243367,0.610366,-0.4510608,-0.03268524,-0.7259432,0.7270039,-0.6738073,-0.5963724,-0.37421715,-0.7887139,0.7578491,0.82753855,-0.5350129,0.70119816,-0.7703132,-0.7132137,-0.5819334,-0.7621337,0.7735605,0.7649817,0.74181116,0.78806925,-0.69953674,0.6820938,-0.69326764
0.7267138,-1.1499482,-0.86718917,-0.8161729,0.99131584,-0.94684637,0.9816442,-0.8121618,0.9905427,0.84345764,-0.9552007,0.012784834,0.7817213,0.7727443,0.8319599,-0.8766339,1.1056405,-0.83331126,0.7265327,-0.94226146,-1.0683147,1.0544981,1.2342774,0.58806413,-0.6065271,-0.9993021,-0.79683095,1.0426002,0.7094108,0.98152596,-0.7030782,0.012398375,0.8305904,1.0578753,0.84302944,-0.8272265,-0.9348073,0.9876793,-0.99852294,0.8144067,0.9713467,1.1578676,0.79849905,-0.9650799,-0.99536395,-0.6993473,-1.0083655,0.90146196,-0.83051974,1.0477381
-0.561437,0.58658624,0.8714439,0.62321377,-0.6148643,0.8776521,-0.66012174,0.7498647,-0.6851883,-0.7389266,0.7318029,-0.08661441,-0.7809217,-0.76920795,-0.7032006,0.6699169,-0.7485099,0.69757533,-0.70178705,0.76353294,0.7950628,-0.47716898,-0.5804907,-0.083708026,0.48809662,0.7245423,0.64147794,-0.30608565,0.04089703,-0.6850004,0.77376163,-0.76734316,-0.78258455,-0.61344934,-0.7319573,0.6667891,0.8668227,-0.3936826,0.7156607,-0.64358646,-0.80397,-0.87912536,-0.7441155,0.8778157,0.6769794,0.7539335,0.803089,-0.69006944,0.89163196,-0.46885574
0.54441196,-0.32956192,-0.1386303,-0.06880245,0.2754045,-0.010183601,0.3972279,-0.11159776,0.069622375,0.029503452,-0.09039471,-0.3965099,-0.07173433,0.14653543,-0.0053110765,-0.07715451,0.015235627,0.055059034,0.075913474,0.004242154,0.039300952,0.37311056,0.3652114,0.4044232,-0.17935237,-0.0479541,-0.24833636,0.54907507,-0.14856803,0.1512685,-0.04856625,-0.34371325,-0.40096307,-0.3315007,0.13734601,-0.028763458,-0.055990763,0.027723102,0.20143954,0.11045578,0.07376989,-0.038280297,-0.11911637,0.09107449,-0.13129926,-0.06548865,-0.03834062,0.12810886,-0.0357675,-0.13645242
-0.5327161,0.54513866,0.7914492,0.79275364,-0.6987312,0.71897596,-0.7074767,0.7094146,-0.7476395,-0.73702544,0.7575539,0.5769148,-0.722585,-0.74491024,-0.70192623,0.80605006,-0.58857834,0.70581406,-0.85247535,0.70362484,0.6408665,-0.65045863,-0.1366687,-0.24802707,0.7455291,0.6905542,0.6937744,-0.50719786,-0.05630408,-0.6726418,0.7585866,-0.6653582,-0.47023597,-0.32264608,-0.7748923,0.70451635,0.74724644,-0.54503715,0.7178678,-0.75112724,-0.71084446,-0.5549943,-0.7512921,0.6911287,0.7230134,0.80204904,0.71359414,-0.71358025,0.70977044,-0.7013651
1.0095496,-1.0143459,-0.90778637,-0.95247734,0.17542556,-1.0611181,1.0565168,-0.886645,0.9790456,0.88400227,-0.9112876,-0.55710053,0.90195864,0.91132355,0.9732968,-0.8963056,1.0202323,-0.89662695,0.7493483,-0.85302246,-0.9871883,1.1011481,1.2251487,-0.9570421,-0.83500314,-1.0017751,-0.8150938,-0.3226194,-0.6366216,0.951066,-0.77528745,1.0274625,1.0543264,1.0179402,0.8644937,-0.9839318,-0.8796212,1.0357301,-1.0384388,0.8305062,0.96335506,1.0748981,0.9184194,-1.0128301,-0.90451306,-0.7605845,-0.9507131,0.94235045,-0.88293767,1.0250853
-0.4833811,0.6726715,0.7430377,0.81765354,-0.71867216,0.77966756,-0.6717426,0.6874611,-0.8173533,-0.78878796,0.782524,0.48525736,-0.77791446,-0.73858,-0.73765504,0.80849487,-0.6862144,0.7326012,-0.7884153,0.73898536,0.71147656,-0.6460629,-0.18264751,-0.13556044,0.7281351,0.7216766,0.62894744,-0.47509333,-0.09302981,-0.73759896,0.70517415,-0.72738075,-0.63343894,-0.37845975,-0.77740294,0.753684,0.80302835,-0.6086914,0.77281874,-0.7251278,-0.7160076,-0.64614606,-0.7650887,0.7531998,0.787067,0.7542993,0.75763357,-0.721578,0.6451526,-0.7690065
0.3861872,-0.34135625,-0.15946819,0.07589035,0.23338313,-0.13538817,0.26654512,-0.0476495,0.17940737,0.17137197,-0.19732064,0.10359583,0.06539698,0.098477334,0.16219567,-0.08222638,0.34158882,-0.031628665,0.10657572,-0.17228577,-0.26039183,0.27953833,0.56243944,-0.40554923,-0.0039086146,-0.20804043,-0.35525733,0.33668673,-0.13665387,0.2415919,-0.020530896,0.18843886,0.13164574,0.19399591,0.11538027,-0.20380332,-0.15403801,0.020588059,0.036606424,0.011171143,0.19593151,0.383851,0.07224065,-0.21288478,-0.21974993,-0.1265538,-0.14556095,0.22839488,-0.12963383,0.17202316
-0.52476233,0.68253416,0.76724374,0.7972933,-0.7529581,0.7127949,-0.79376847,0.7178064,-0.80527294,-0.7374542,0.8303838,0.51714575,-0.71486723,-0.7766447,-0.7243647,0.87602615,-0.68607914,0.7872415,-0.8302664,0.6808067,0.70576566,-0.7609864,-0.31086212,-0.16389312,0.7468678,0.7243011,0.6613988,-0.52877814,-0.02811405,-0.7561907,0.7098111,-0.6920804,-0.5340982,-0.40468758,-0.75556666,0.68592703,0.7329063,-0.59356326,0.77757275,-0.7410901,-0.70899105,-0.6391479,-0.7660771,0.70849675,0.8315291,0.77892584,0.75824594,-0.74363285,0.7001523,-0.776022
-0.041273575,-0.052266408,-0.16722704,0.10093726,0.058724795,-0.096314915,0.12444886,0.06601934,-0.13599618,0.23404326,-0.12492907,0.74898595,0.013946947,-0.10965637,-0.10611819,0.21088454,0.22845237,0.09619372,-0.010067214,-0.19096869,0.037089814,-0.072066896,0.30632165,0.06979969,0.11016313,0.0857228,-0.11172604,-0.007240536,0.5152445,0.22626352,-0.059744816,-0.17945762,0.1457769,0.39655173,-0.05784297,0.06367938,-0.0654997,-0.101201266,-0.02039753,0.00070209085,0.13644421,0.3066963,-0.065991275,-0.06423231,-0.041790772,-0.19051567,-0.04816454,0.10604869,-0.17729667,0.08052935
-0.55485016,0.62756974,0.8220834,0.7847903,-0.751633,0.7616492,-0.7870473,0.72130895,-0.81398106,-0.7719993,0.8123231,0.5474302,-0.7720654,-0.75838846,-0.74840075,0.877866,-0.67034894,0.7635554,-0.8944409,0.72116286,0.7337032,-0.7453441,-0.23330514,-0.13462739,0.72625595,0.71236753,0.70373404,-0.54634774,-0.07350366,-0.7596922,0.73425275,-0.75679004,-0.5612116,-0.42884737,-0.77350235,0.74476373,0.7800762,-0.5787574,0.7972353,-0.771471,-0.7583511,-0.6449192,-0.7831129,0.7769428,0.76768625,0.8234199,0.7532629,-0.77748007,0.726304,-0.805965
1.0876747,-1.000776,-1.0016195,-0.9974354,1.0149862,-1.04978,0.7624891,-0.7126644,0.93093115,0.9439924,-0.84115154,-0.87585616,0.9734177,0.89646727,0.9928363,-0.92955804,0.7912541,-0.8600753,0.86516744,-0.95411885,-0.7094357,1.032532,-0.35816452,-0.8618059,-0.86754847,-0.81861943,-0.98819715,1.1030678,0.79353243,0.9866038,-0.78192055,0.90384316,0.80498517,-0.37418878,0.8101554,-0.96247095,-0.9030017,1.0206888,-0.78422916,0.54240763,1.0241244,0.2750981,0.8522577,-1.0688285,-0.8288587,-0.89023036,-0.8344382,0.8868455,-0.8360243,1.0277165
-0.5404473,0.69436085,0.7744853,0.83013797,-0.74527466,0.7449443,-0.7680764,0.7082225,-0.8151931,-0.7666348,0.81617504,0.52529556,-0.7289406,-0.76099694,-0.75963783,0.8549011,-0.7026276,0.7764465,-0.7950662,0.7301878,0.72969747,-0.7421406,-0.33128226,-0.2017611,0.7484279,0.7347447,0.66322505,-0.54586184,-0.0459505,-0.76191735,0.71448284,-0.69462174,-0.5516276,-0.36400092,-0.77148026,0.7229956,0.78193873,-0.5890187,0.73946965,-0.7523089,-0.7282933,-0.6641989,-0.7784037,0.72416717,0.81238085,0.757998,0.78053534,-0.71592706,0.68882495,-0.77619106
-0.19547892,-0.046302505,-0.11150612,0.42166266,-0.21102606,-0.27034405,0.066239595,0.15090474,-0.075384215,-0.23569807,0.15581666,1.1704298,0.066258006,-0.06930079,-0.05428412,-0.016186431,0.08905477,0.11964812,-0.19142063,-0.061244577,0.07027541,-0.121261336,0.5482972,0.5719271,0.15372124,0.10523274,-0.059801035,-0.22966318,0.86254925,-0.09979191,-0.12534104,0.009530141,0.35687262,0.3699544,-0.07711509,0.053426307,-0.030395819,-0.08726288,-0.035195,0.018098012,-0.073890805,0.11893034,-0.01286022,0.14919388,0.04315221,0.14884822,-0.11137734,-0.041282885,0.024558648,0.03421367
-0.56454,0.7269108,0.67395085,0.8200483,-0.82928777,0.6716011,-0.74036145,0.68871653,-0.92356557,-0.84072703,0.7854888,0.73753303,-0.7053864,-0.7489085,-0.7826589,0.74934715,-0.67484564,0.70009905,-0.7812577,0.7361811,0.7236612,-0.7270562,-0.22912526,0.014686269,0.7862576,0.7633801,0.6818116,-0.49866483,0.06725052,-0.7903173,0.64946985,-0.61027426,-0.43629596,-0.25151238,-0.85158545,0.85151786,0.8274621,-0.47006556,0.639642,-0.74689466,-0.72745955,-0.61990976,-0.73996806,0.7550979,0.83055764,0.7853961,0.75125676,-0.69562906,0.6654603,-0.60848457
0.6844513,-0.9307671,-0.40600133,-0.26657137,0.65694684,-0.527571,0.77250606,-0.47365946,0.61456203,0.5718571,-0.45658717,0.9141459,0.51555777,0.5220797,0.37077868,-0.5827567,0.6473581,-0.46911156,0.31012803,-0.6457068,-0.676826,0.691618,0.861687,0.43046543,-0.30518702,-0.42916155,-0.08679844,0.76607424,0.7016213,0.70238894,-0.5141644,-0.5042544,0.3349846,0.7214168,0.5867684,-0.20983192,-0.5522928,-0.034017704,-0.5329969,0.48242527,0.3533421,0.5865479,0.53274846,-0.5493875,-0.6222424,-0.32575515,-0.6393422,0.42495722,-0.072082244,0.52104294
-0.3752096,0.6372049,0.77126163,0.76101464,-0.6608318,0.91128916,-0.6073826,0.6831907,-0.72613716,-0.7781348,0.717748,0.2479958,-0.8104413,-0.7141149,-0.7126272,0.74191606,-0.658281,0.68506324,-0.7297211,0.7956088,0.6947891,-0.46778306,-0.16478372,-0.23592788,0.67321956,0.6932669,0.54491043,-0.38250163,-0.26014012,-0.6656215,0.73854935,-0.6807519,-0.7419397,-0.5612176,-0.74403507,0.68540543,0.8428203,-0.59152496,0.8647311,-0.74407315,-0.71488947,-0.6494386,-0.7679895,0.7738022,0.718017,0.72735924,0.8002445,-0.65453917,0.6802461,-0.72576046
0.25410846,-0.17020458,0.036470305,0.16018803,0.032427557,0.09307144,0.14825246,0.11382455,-0.112537764,-0.12216026,0.05574788,0.075111695,-0.1738752,-0.09392834,-0.14272434,0.114321284,-0.01370948,0.18106736,-0.21244133,0.13387379,0.072876,0.12943937,0.43141586,0.01536623,0.05392769,0.09007051,-0.029869374,0.40619972,0.183252,-0.014077682,0.07120164,-0.30435076,-0.34216547,-0.15742195,-0.08796999,0.076090135,0.10050471,-0.09238755,0.21553238,-0.10061786,-0.057552747,-0.006543855,-0.189514,0.123658955,0.05339811,0.12745072,0.07502143,-0.027628357,0.12866904,-0.11860123
-0.6480828,0.6615858,0.7904547,0.828929,-0.75262713,0.78524035,-0.6780713,0.72763324,-0.80921894,-0.81340057,0.72630066,0.5318386,-0.7636824,-0.77275234,-0.7644639,0.7181416,-0.6222634,0.66902816,-0.7625454,0.8145068,0.6766171,-0.54231983,-0.11162019,-0.2569359,0.744694,0.7383584,0.73982245,-0.47084343,-0.05380329,-0.6684916,0.7648584,-0.64682525,-0.46910593,-0.33990043,-0.8275913,0.8237617,0.9033657,-0.48131788,0.67253935,-0.7811215,-0.7487783,-0.58455604,-0.76575446,0.7522848,0.70223784,0.79444236,0.7955171,-0.68683875,0.7289886,-0.6513243
0.35625076,-0.376938,-0.13663921,-0.10885979,0.25376496,-0.11111679,0.3343325,-0.11170302,0.18539312,0.11690878,-0.23810333,0.251831,-0.12940317,0.03784503,0.1575676,-0.09466797,0.2561536,-0.20572127,-0.22366205,0.0016434598,-0.2908742,0.45253673,0.38683546,-0.2720945,0.1559303,-0.21332775,-0.23221204,-0.020837564,0.04847863,0.2423458,-0.033456415,-0.039142173,-0.14121169,0.2033837,0.3141447,-0.056813065,-0.2650946,0.033670522,0.027808594,0.03424084,0.15251608,0.20219083,0.098538175,-0.12716599,-0.27026552,0.0746601,-0.13306113,0.21235888,-0.14780222,-0.0641588
-0.34375185,0.5852321,0.762244,0.7503242,-0.6521581,0.84877235,-0.64738566,0.66974175,-0.71881723,-0.75288814,0.7362226,0.30235323,-0.7658966,-0.7026886,-0.69670886,0.78052586,-0.6438452,0.7035463,-0.7690122,0.7316161,0.66997313,-0.53064644,-0.24955146,-0.23255141,0.6802425,0.6614272,0.49555516,-0.398572,-0.23538244,-0.6868069,0.7154969,-0.6716094,-0.7351183,-0.5104646,-0.72863114,0.63994503,0.77131385,-0.6400314,0.8299547,-0.7399878,-0.69770485,-0.63557863,-0.7567623,0.7332639,0.7388084,0.72809684,0.76348066,-0.67426664,0.6742699,-0.75062674
0.21117248,-0.46386316,-0.6306907,-0.26151004,0.31778136,-0.6249411,0.48305714,0.0030509946,0.45185548,0.63107735,-0.30168435,0.24652782,0.6154646,0.18973105,0.48569822,-0.3248845,0.4805988,-0.08603343,0.35626602,-0.5603688,-0.41327527,0.31214342,-0.5347494,-0.5217005,-0.32530868,-0.24611431,-0.52120894,0.31168818,0.6983199,0.49509567,-0.44570795,0.49171466,0.57527125,0.1943469,0.29682913,-0.44802222,-0.44353315,0.5692481,-0.4399765,0.44048294,0.47018066,0.4304449,0.3068846,-0.3841798,-0.076324776,-0.5005629,-0.06854282,0.23555608,-0.3277223,0.26397657
-0.5952192,0.6504227,0.8234607,0.8366783,-0.7545853,0.78821385,-0.67975575,0.7279485,-0.7640553,-0.80528253,0.71012586,0.5716085,-0.7415497,-0.78318965,-0.77793276,0.7424348,-0.57827777,0.6941834,-0.7644053,0.82756853,0.6705674,-0.56846565,-0.15219268,-0.29164332,0.7578582,0.74969506,0.731411,-0.43827817,-0.051336374,-0.65357125,0.78522956,-0.5428724,-0.43261805,-0.36151636,-0.8054284,0.75011164,0.8740248,-0.5085997,0.672765,-0.78864706,-0.7403889,-0.53011465,-0.7672747,0.7374329,0.7054488,0.7850655,0.7814171,-0.65848786,0.7166368,-0.6494237
0.06667866,0.095506996,-0.9814136,-0.90412545,0.88302064,-1.0786238,0.3819676,-0.7925065,1.0092387,0.88628054,-0.8323119,-0.679948,0.9151503,0.8308858,0.89896554,-0.92460304,1.0372746,-0.8470959,0.8837664,-0.90901685,-1.0225255,1.1153978,1.0632048,0.83778435,-0.91316944,-0.89721805,-1.0388086,-0.095521055,0.80102956,0.97324586,-0.77060604,0.94635266,0.9922238,1.0006381,0.83456236,-0.9635334,-0.98361534,0.23070785,-0.5246599,0.7906487,0.9784365,1.133307,0.7791726,-1.024035,-0.8247048,-0.83972394,-0.83555603,1.0271232,-0.33604327,0.9455441
