,model_name,epochs,batches_count,k,structural_wt,lr,start_loss,end_loss,mrr,mr,hits_10,hits_5,hits_3,hits_1,losses_list
0,transE_with_weights,50,5,40,0.1,0.1,3.293359872,1.311895535,0.155310249,54.79328939,0.325943679,0.222588376,0.163870581,0.065608149,"[3.2933598719783714, 1.817050520336355, 1.5838687964674778, 1.4406865631957697, 1.321608588531727, 1.248731882032244, 1.1785150969604803, 1.1205749045801527, 1.0791652067927004, 1.076337663878618, 1.0220158778377466, 0.9956045835072758, 1.007930050915434, 0.9316235103073314, 0.9066897016141857, 0.9586829731482586, 0.9497339612655057, 0.9129514271976383, 0.9205110894511371, 0.9207102380029422, 0.9200610755357427, 0.9177350459208016, 0.9221947434597646, 0.9652502161855916, 0.949780133662333, 0.92948992003618, 0.9301297486283397, 0.9437524848918575, 0.9718702631748967, 0.9985320190740299, 0.9768863280007554, 0.9947468143686387, 1.0003871461513996, 1.0110133202628022, 1.06449654848521, 1.079937324815124, 1.0879145731452766, 1.0465412324318146, 1.1589654432301606, 1.07060119784212, 1.1504694737247534, 1.1703411539092319, 1.1409018324835003, 1.198203718267931, 1.177237132608739, 1.269246962840927, 1.2465766732019323, 1.232788940119076, 1.2832898943175493, 1.3118955345250876]"
1,transE_with_weights,100,5,40,0.1,0.1,3.293359872,2.185531593,0.147495035,52.41402037,0.339724386,0.215997603,0.144397843,0.060814859,"[3.2933598719783714, 1.817050520336355, 1.5838687964674778, 1.4406865631957697, 1.321608588531727, 1.248731882032244, 1.1785150969604803, 1.1205749045801527, 1.0791652067927004, 1.076337663878618, 1.0220158778377466, 0.9956045835072758, 1.007930050915434, 0.9316235103073314, 0.9066897016141857, 0.9586829731482586, 0.9497339612655057, 0.9129514271976383, 0.9205110894511371, 0.9207102380029422, 0.9200610755357427, 0.9177350459208016, 0.9221947434597646, 0.9652502161855916, 0.949780133662333, 0.92948992003618, 0.9301297486283397, 0.9437524848918575, 0.9718702631748967, 0.9985320190740299, 0.9768863280007554, 0.9947468143686387, 1.0003871461513996, 1.0110133202628022, 1.06449654848521, 1.079937324815124, 1.0879145731452766, 1.0465412324318146, 1.1589654432301606, 1.07060119784212, 1.1504694737247534, 1.1703411539092319, 1.1409018324835003, 1.198203718267931, 1.177237132608739, 1.269246962840927, 1.2465766732019323, 1.232788940119076, 1.2832898943175493, 1.3118955345250876, 1.31876447449507, 1.3384088026051606, 1.355025476353769, 1.3719349169549142, 1.404448204914122, 1.4346078343670483, 1.4974358090310909, 1.5436704213382633, 1.4657217865378498, 1.5575518037829994, 1.5543730369354325, 1.6057054670105757, 1.5777586648179072, 1.6041765751729484, 1.6173786813672868, 1.6476124537810115, 1.6306270997336196, 1.6754785591106076, 1.7400043671974397, 1.740490008249841, 1.7395011765962944, 1.8348011278924141, 1.8199010640306934, 1.8279804414161895, 1.847915268914997, 1.8082886674021947, 1.8680334193105916, 1.8689497542441953, 1.9641802217517494, 1.955832258617605, 1.9505749418535305, 1.9984835947439568, 2.0441732081444814, 1.9873881177441157, 2.0147844853291983, 2.0631881907999365, 2.0203258562937343, 2.0126405827568385, 2.056414779391301, 2.1163896322857028, 2.137329225807093, 2.0975186491133906, 2.1245825071067905, 2.1237286672034035, 2.113265750487039, 2.128995861412611, 2.248659773576654, 2.2156642302302005, 2.1662011221771627, 2.1855315929150763]"
2,transE_with_weights,50,5,50,0.1,0.1,3.073082657,1.385702056,0.150373805,54.58927501,0.325943679,0.226482924,0.154583583,0.063511084,"[3.073082657442748, 1.7126586292839536, 1.5425936245129612, 1.4128209237833969, 1.2696581192599, 1.1933869417690441, 1.1240881999940362, 1.0783032909907762, 1.0298814458094783, 1.0329179836593512, 0.9829336850697757, 0.9539221998996104, 0.9670102340271152, 0.8888026269034272, 0.8999086802242366, 0.9629248543853371, 0.9311792427043575, 0.8776934053454993, 0.8823609951494911, 0.888724818727139, 0.9138028288008906, 0.8982518164559479, 0.8952238359524094, 0.9541876640028626, 0.9407696828284033, 0.9490299292799778, 0.959645542600986, 0.9300595504333652, 0.9913424038098362, 1.0022511877783078, 1.001465961951336, 1.0118068394163486, 1.029886508776638, 1.055807860085679, 1.0998781005238152, 1.1222168745278704, 1.1082976130128817, 1.074251674817112, 1.1702546641420166, 1.0891263927818862, 1.179376484722885, 1.205719584302441, 1.2160271486859893, 1.2471850834426685, 1.2039646604892256, 1.318889821758707, 1.26644260707399, 1.273930331708214, 1.3778538517066237, 1.3857020564965012]"
3,transE_with_weights,100,5,50,0.1,0.1,3.073082657,2.343921861,0.152834043,51.9304973,0.338226483,0.221090473,0.151587777,0.06620731,"[3.073082657442748, 1.7126586292839536, 1.5425936245129612, 1.4128209237833969, 1.2696581192599, 1.1933869417690441, 1.1240881999940362, 1.0783032909907762, 1.0298814458094783, 1.0329179836593512, 0.9829336850697757, 0.9539221998996104, 0.9670102340271152, 0.8888026269034272, 0.8999086802242366, 0.9629248543853371, 0.9311792427043575, 0.8776934053454993, 0.8823609951494911, 0.888724818727139, 0.9138028288008906, 0.8982518164559479, 0.8952238359524094, 0.9541876640028626, 0.9407696828284033, 0.9490299292799778, 0.959645542600986, 0.9300595504333652, 0.9913424038098362, 1.0022511877783078, 1.001465961951336, 1.0118068394163486, 1.029886508776638, 1.055807860085679, 1.0998781005238152, 1.1222168745278704, 1.1082976130128817, 1.074251674817112, 1.1702546641420166, 1.0891263927818862, 1.179376484722885, 1.205719584302441, 1.2160271486859893, 1.2471850834426685, 1.2039646604892256, 1.318889821758707, 1.26644260707399, 1.273930331708214, 1.3778538517066237, 1.3857020564965012, 1.4128471083313454, 1.4061255379790871, 1.461917603470897, 1.4530767930979644, 1.4898672632892016, 1.5250494493479643, 1.591791594604803, 1.6345798793336515, 1.5699116869433842, 1.6898882606253975, 1.6544314629552321, 1.7035993037333015, 1.695848335867923, 1.7012018800691795, 1.7801896034609574, 1.775603797660226, 1.7637231569557092, 1.814075545682252, 1.8697326504850509, 1.8926628908734893, 1.8963957264829834, 1.9639791318781807, 1.9664543947797393, 1.981025583204119, 2.00155849311188, 1.9844072414718512, 2.0277743196366096, 2.025344530256043, 2.130879968541269, 2.1309028916686548, 2.1349632360249684, 2.1628886992088106, 2.2022082612714695, 2.159709280077131, 2.1856358341284987, 2.2354024406607826, 2.1753677329337626, 2.197115009492287, 2.2020528312857826, 2.290604002663804, 2.334036464545563, 2.261032609235846, 2.310186161885735, 2.3071521399888675, 2.2932120830351463, 2.295031924648139, 2.4258250462189888, 2.38956472770555, 2.343426125407522, 2.343921861333095]"
4,transE_with_weights,50,5,40,0.1,0.01,4.52534217,1.393129243,0.14965507,51.54523667,0.33672858,0.217795087,0.153684841,0.060515279,"[4.525342169608779, 3.272247298922551, 2.3537848009104643, 1.9198521427222488, 1.7097706569060114, 1.6109760468849397, 1.5624699638696724, 1.5292698518010497, 1.4990700292223282, 1.5136159028109097, 1.4912793030872296, 1.4631896506739026, 1.4686514429767017, 1.4191294740477893, 1.4370752077369593, 1.458850812062659, 1.4384761897662213, 1.3920881043256998, 1.4026390483361164, 1.4337280584048981, 1.4110731750954197, 1.3985774304727259, 1.3894218464237436, 1.412769113788168, 1.3808273509561864, 1.3810486926983938, 1.355240357377147, 1.357062186903626, 1.3668179344584923, 1.3596797409251749, 1.3552194687549697, 1.3471055358420803, 1.3832676390048506, 1.3450096538048664, 1.368264824864822, 1.3864964453621977, 1.3559264670801527, 1.3417700847596612, 1.3910801855965729, 1.307325492257077, 1.3638618760436545, 1.3595973978212468, 1.3471001933245865, 1.3738449601423346, 1.365996460271549, 1.3798896459526082, 1.3837375320551049, 1.3773122850568544, 1.3778742744115775, 1.3931292429528468]"
5,transE_with_weights,100,5,40,0.1,0.01,4.52534217,1.692707526,0.145241824,51.78520072,0.328340324,0.207010186,0.143199521,0.06111444,"[4.525342169608779, 3.272247298922551, 2.3537848009104643, 1.9198521427222488, 1.7097706569060114, 1.6109760468849397, 1.5624699638696724, 1.5292698518010497, 1.4990700292223282, 1.5136159028109097, 1.4912793030872296, 1.4631896506739026, 1.4686514429767017, 1.4191294740477893, 1.4370752077369593, 1.458850812062659, 1.4384761897662213, 1.3920881043256998, 1.4026390483361164, 1.4337280584048981, 1.4110731750954197, 1.3985774304727259, 1.3894218464237436, 1.412769113788168, 1.3808273509561864, 1.3810486926983938, 1.355240357377147, 1.357062186903626, 1.3668179344584923, 1.3596797409251749, 1.3552194687549697, 1.3471055358420803, 1.3832676390048506, 1.3450096538048664, 1.368264824864822, 1.3864964453621977, 1.3559264670801527, 1.3417700847596612, 1.3910801855965729, 1.307325492257077, 1.3638618760436545, 1.3595973978212468, 1.3471001933245865, 1.3738449601423346, 1.365996460271549, 1.3798896459526082, 1.3837375320551049, 1.3773122850568544, 1.3778742744115775, 1.3931292429528468, 1.41069475712667, 1.4147704456902035, 1.3888493273397742, 1.4136236991591127, 1.4119333204118956, 1.424611953075302, 1.4584277281627704, 1.4480480863847804, 1.397067765485846, 1.4650083430244116, 1.457605974425493, 1.4690097954437022, 1.462598091106075, 1.4477309831226146, 1.4785765048505088, 1.4776224927441157, 1.455903078035544, 1.4916940004770993, 1.5174581357844306, 1.522715607854246, 1.4962638408476463, 1.540722935800334, 1.5436251963064567, 1.5373298780912055, 1.5139528852079358, 1.5185926752842716, 1.5407036778884382, 1.5448764325401558, 1.5620082709625478, 1.5900706516877385, 1.58180698850986, 1.5982376836335084, 1.6097339115676685, 1.5948224793256998, 1.5903811699864823, 1.6215250340430185, 1.57715523989146, 1.6145288520793575, 1.6215840812857825, 1.64134521484375, 1.6604596552958015, 1.6338713124204836, 1.6587175907979486, 1.6588344428375477, 1.6508163490974872, 1.6453809277095262, 1.7239468717696407, 1.7033314013299141, 1.6859350461692908, 1.6927075257434796]"
6,transE_with_weights,50,5,50,0.1,0.01,4.391956778,1.356257082,0.16159695,49.94607549,0.347213901,0.22977831,0.164769323,0.073397244,"[4.39195677779103, 2.8783172685074745, 2.0943027641937024, 1.756358714018766, 1.6009797617982666, 1.5312852544032283, 1.4939821199606393, 1.4595460537432412, 1.4377725615756203, 1.4562014203641858, 1.4285679630347488, 1.4101734889372615, 1.411668648367923, 1.3614597000238549, 1.3787714756778784, 1.4056721694596852, 1.3911897537969147, 1.3347164552023696, 1.3516556834446565, 1.387206751699666, 1.358124757723044, 1.3517518176983938, 1.3332955785076734, 1.3723730965728371, 1.3376451798067748, 1.3309488932291667, 1.3122647428633907, 1.3140538184090729, 1.3249135878856553, 1.3200581868489583, 1.311519026816953, 1.2992466118499524, 1.3423898012583493, 1.3017343458025206, 1.3268226371163327, 1.3457961842000636, 1.3153010166935035, 1.2983237696057968, 1.3547895358718989, 1.2638854825163008, 1.3246395043137722, 1.3264926124165077, 1.310769723207896, 1.3301776449188931, 1.3265824101960082, 1.3378428995457619, 1.3450380126331902, 1.3349885197996183, 1.3390151006878181, 1.3562570819417938]"
7,transE_with_weights,100,5,50,0.1,0.01,4.391956778,1.69508476,0.141768166,51.41791492,0.324745357,0.207309766,0.140503295,0.054523667,"[4.39195677779103, 2.8783172685074745, 2.0943027641937024, 1.756358714018766, 1.6009797617982666, 1.5312852544032283, 1.4939821199606393, 1.4595460537432412, 1.4377725615756203, 1.4562014203641858, 1.4285679630347488, 1.4101734889372615, 1.411668648367923, 1.3614597000238549, 1.3787714756778784, 1.4056721694596852, 1.3911897537969147, 1.3347164552023696, 1.3516556834446565, 1.387206751699666, 1.358124757723044, 1.3517518176983938, 1.3332955785076734, 1.3723730965728371, 1.3376451798067748, 1.3309488932291667, 1.3122647428633907, 1.3140538184090729, 1.3249135878856553, 1.3200581868489583, 1.311519026816953, 1.2992466118499524, 1.3423898012583493, 1.3017343458025206, 1.3268226371163327, 1.3457961842000636, 1.3153010166935035, 1.2983237696057968, 1.3547895358718989, 1.2638854825163008, 1.3246395043137722, 1.3264926124165077, 1.310769723207896, 1.3301776449188931, 1.3265824101960082, 1.3378428995457619, 1.3450380126331902, 1.3349885197996183, 1.3390151006878181, 1.3562570819417938, 1.3746058650902513, 1.3691647905733142, 1.3504710423127386, 1.3710844627166825, 1.3832906863768288, 1.389114869095897, 1.4183407383110687, 1.4204376453661736, 1.3738919245984416, 1.4339820454138836, 1.425423829367446, 1.4393278243280851, 1.4331433944119751, 1.4120166264114187, 1.4600763607267813, 1.4499076862674936, 1.4310370137066635, 1.47510672610528, 1.496578210728769, 1.5044527709029103, 1.4868001612694814, 1.524319822976304, 1.5242596575322043, 1.5220831407542144, 1.5046064304031488, 1.503861242396231, 1.5293264452131043, 1.5250154063295165, 1.5442619498449428, 1.5726044710659193, 1.5716464210102576, 1.5899822516599078, 1.6046452878995705, 1.5882668686883747, 1.5887199265962946, 1.6120184900803116, 1.5682748576156966, 1.6084971808901876, 1.6199847738251432, 1.643330985110528, 1.664265205053276, 1.6305628963402512, 1.6573387553673664, 1.6535712244553118, 1.652686975687818, 1.6442069716125953, 1.7276419991451972, 1.705690309170245, 1.6923171802938135, 1.6950847596612595]"
8,holE_with_weights,50,5,40,0.1,0.1,1.002459993,0.179560469,0.160639126,50.91521869,0.32144997,0.219892151,0.162073098,0.077890953,"[1.0024599932410942, 0.9870360334168257, 0.7583634129492685, 0.46731413630128815, 0.458710117485687, 0.4320480665056457, 0.3781999878240299, 0.3530726806019402, 0.3296361559219943, 0.30971339878538484, 0.29797173808245864, 0.2837651454158715, 0.27297083109693066, 0.26324154142811707, 0.2575685985458413, 0.25073176337865777, 0.24422585679071246, 0.24086215497276559, 0.23507289740875478, 0.2313803046228928, 0.23006896506739027, 0.2239848999334049, 0.22313775681357348, 0.22447342656647581, 0.21885202344743956, 0.21993201957100827, 0.21457745967020514, 0.21305041907701178, 0.2095234132723044, 0.20876468571087786, 0.2094065798693941, 0.2038555768427958, 0.20351446641917142, 0.2017438722566794, 0.1998159285295404, 0.19616752643924937, 0.1940741106572042, 0.19624370701137087, 0.19326612011470262, 0.1891730031409033, 0.18915415523616413, 0.1896361900892573, 0.18547324454814726, 0.18573590072360052, 0.18524433631023376, 0.18456416239265266, 0.18401408809438613, 0.1792873516519561, 0.18088089726960083, 0.17956046922212945]"
9,holE_with_weights,100,5,40,0.1,0.1,1.002459993,0.131738173,0.146424712,50.18184542,0.320251648,0.208807669,0.146195327,0.063211504,"[1.0024599932410942, 0.9870360334168257, 0.7583634129492685, 0.46731413630128815, 0.458710117485687, 0.4320480665056457, 0.3781999878240299, 0.3530726806019402, 0.3296361559219943, 0.30971339878538484, 0.29797173808245864, 0.2837651454158715, 0.27297083109693066, 0.26324154142811707, 0.2575685985458413, 0.25073176337865777, 0.24422585679071246, 0.24086215497276559, 0.23507289740875478, 0.2313803046228928, 0.23006896506739027, 0.2239848999334049, 0.22313775681357348, 0.22447342656647581, 0.21885202344743956, 0.21993201957100827, 0.21457745967020514, 0.21305041907701178, 0.2095234132723044, 0.20876468571087786, 0.2094065798693941, 0.2038555768427958, 0.20351446641917142, 0.2017438722566794, 0.1998159285295404, 0.19616752643924937, 0.1940741106572042, 0.19624370701137087, 0.19326612011470262, 0.1891730031409033, 0.18915415523616413, 0.1896361900892573, 0.18547324454814726, 0.18573590072360052, 0.18524433631023376, 0.18456416239265266, 0.18401408809438613, 0.1792873516519561, 0.18088089726960083, 0.17956046922212945, 0.17836400932331425, 0.17466949074626273, 0.17370649886191952, 0.17127313123707857, 0.16825316140366572, 0.16938840909768607, 0.1659623396002306, 0.16464910842080152, 0.16295489983400924, 0.1625999547749682, 0.1596204172381918, 0.1588566422401797, 0.15970607456663485, 0.1574074688394561, 0.15253624525385656, 0.15212874162591444, 0.1511078610796358, 0.1495072055651638, 0.14778314410881838, 0.14740230958273695, 0.14706576204178595, 0.14624196448095578, 0.14429958042600985, 0.1424101618410067, 0.14132211156170482, 0.1411232332418893, 0.14051118263458173, 0.13863863646529104, 0.1371535781200302, 0.13709066376431298, 0.137683698736681, 0.13878937621759702, 0.13567158240398378, 0.13458260029023536, 0.1371577651628101, 0.13456908869076017, 0.13449202598202925, 0.13534749348958333, 0.13242637110120467, 0.1351330442161657, 0.13159604448701892, 0.1331127634606592, 0.13280752866322756, 0.13242137336245627, 0.13172429596801447, 0.13016762459247774, 0.1288298582120706, 0.12946257690740298, 0.12929726481741013, 0.13173817253598125]"
10,holE_with_weights,50,5,50,0.1,0.1,1.002617101,0.19180642,0.161673225,50.64859197,0.326243259,0.217495506,0.162672259,0.081186339,"[1.002617100528785, 0.9961311103490776, 0.8900349251550572, 0.5346697640843671, 0.4705959950997933, 0.46014271355160624, 0.4139471016221374, 0.38722853177679706, 0.36190174986084606, 0.3392710010635337, 0.3255641449984097, 0.30875613768288807, 0.2972658362158079, 0.285610805055264, 0.27635275649053753, 0.26972760615458014, 0.2593560806546199, 0.25444722648795326, 0.24878632911895673, 0.2445110788903467, 0.24081712252007792, 0.23550148845022265, 0.23396897798882793, 0.23414717890227418, 0.22721405417561227, 0.22669143793237118, 0.22401764770197202, 0.2229941735498171, 0.219002912293257, 0.21683667054309796, 0.2195129114980916, 0.2117553990487834, 0.2136449046050016, 0.21084468928912214, 0.21049687276359733, 0.20772229221334287, 0.20400952831782762, 0.2063443327071406, 0.2032051563990935, 0.20099309634919688, 0.19952547573254611, 0.20051480125834922, 0.19484266285981233, 0.19655505153665712, 0.19515019618221216, 0.19427664176805026, 0.1963232546119593, 0.1897289604206425, 0.19270343499025921, 0.19180642009084764]"
11,holE_with_weights,100,5,50,0.1,0.1,1.002617101,0.147608394,0.165219267,47.89994008,0.336129419,0.226183343,0.166566806,0.0817855,"[1.002617100528785, 0.9961311103490776, 0.8900349251550572, 0.5346697640843671, 0.4705959950997933, 0.46014271355160624, 0.4139471016221374, 0.38722853177679706, 0.36190174986084606, 0.3392710010635337, 0.3255641449984097, 0.30875613768288807, 0.2972658362158079, 0.285610805055264, 0.27635275649053753, 0.26972760615458014, 0.2593560806546199, 0.25444722648795326, 0.24878632911895673, 0.2445110788903467, 0.24081712252007792, 0.23550148845022265, 0.23396897798882793, 0.23414717890227418, 0.22721405417561227, 0.22669143793237118, 0.22401764770197202, 0.2229941735498171, 0.219002912293257, 0.21683667054309796, 0.2195129114980916, 0.2117553990487834, 0.2136449046050016, 0.21084468928912214, 0.21049687276359733, 0.20772229221334287, 0.20400952831782762, 0.2063443327071406, 0.2032051563990935, 0.20099309634919688, 0.19952547573254611, 0.20051480125834922, 0.19484266285981233, 0.19655505153665712, 0.19515019618221216, 0.19427664176805026, 0.1963232546119593, 0.1897289604206425, 0.19270343499025921, 0.19180642009084764, 0.18961131010953403, 0.18870005988589378, 0.1871876987913486, 0.18566101540135974, 0.18346577806933842, 0.18466012581007474, 0.1827645819666428, 0.17976055271449587, 0.17922417017036418, 0.17936377760714853, 0.17705599020455629, 0.17607442375357824, 0.1769700595380089, 0.17614118347944496, 0.17092030765446087, 0.17255739789579358, 0.17136328621978372, 0.17029291905216284, 0.17016477628518606, 0.16811543937857826, 0.16719475588422392, 0.16645952918753976, 0.16529028506679388, 0.16372043910524015, 0.16235189423306298, 0.162512120060035, 0.1617391167948871, 0.15844199144203244, 0.15749543401121183, 0.1579971833750795, 0.15800155678474873, 0.15778728145376114, 0.15572162191376432, 0.15533475220658396, 0.15549776732466603, 0.15348023082160464, 0.15212578460460402, 0.15408134479862437, 0.15024617513020833, 0.1524875817529421, 0.14959531672431617, 0.14985695409410782, 0.14857855799240616, 0.14880820548564727, 0.14710627199129295, 0.14674358649411579, 0.14479500263398537, 0.14529313648020037, 0.1448517420334367, 0.14760839408893925]"
12,holE_with_weights,50,5,40,0.1,0.01,1.00103005,0.276432994,0.190271972,45.08897543,0.368484122,0.265727981,0.203415219,0.100659077,"[1.0010300497972329, 1.0000898909629452, 1.0000002981870229, 0.9998870865139949, 0.9994690904301845, 0.998325754413168, 0.9954822926606234, 0.9894193925930344, 0.9775437465211514, 0.9563764312977099, 0.9217650435353053, 0.8668698438493957, 0.7857841697479325, 0.6718758945610687, 0.5467253846612595, 0.48621269556098917, 0.454508910822201, 0.4349159858062977, 0.4226655434955471, 0.41144757996382, 0.39841075013915395, 0.3899429282462627, 0.38617906254969786, 0.3815302398914599, 0.3747304265068384, 0.3700866109056934, 0.3624721754234256, 0.3630056568563136, 0.35864114931218194, 0.3551221697081743, 0.35287851115219465, 0.34415993882196244, 0.3405455207339377, 0.33492724857864187, 0.3345404192509542, 0.3283029493181457, 0.3208410613470102, 0.32198241566277036, 0.31440338988947203, 0.311131452021708, 0.3087631015923187, 0.30685848168137725, 0.2979906543217239, 0.2942884574288327, 0.2925625260913645, 0.288345180055264, 0.28590416517573153, 0.27915302461036895, 0.280146397403785, 0.2764329936486164]"
13,holE_with_weights,100,5,40,0.1,0.01,1.00103005,0.180878881,0.199944184,40.67255842,0.39304973,0.273217496,0.20940683,0.105452367,"[1.0010300497972329, 1.0000898909629452, 1.0000002981870229, 0.9998870865139949, 0.9994690904301845, 0.998325754413168, 0.9954822926606234, 0.9894193925930344, 0.9775437465211514, 0.9563764312977099, 0.9217650435353053, 0.8668698438493957, 0.7857841697479325, 0.6718758945610687, 0.5467253846612595, 0.48621269556098917, 0.454508910822201, 0.4349159858062977, 0.4226655434955471, 0.41144757996382, 0.39841075013915395, 0.3899429282462627, 0.38617906254969786, 0.3815302398914599, 0.3747304265068384, 0.3700866109056934, 0.3624721754234256, 0.3630056568563136, 0.35864114931218194, 0.3551221697081743, 0.35287851115219465, 0.34415993882196244, 0.3405455207339377, 0.33492724857864187, 0.3345404192509542, 0.3283029493181457, 0.3208410613470102, 0.32198241566277036, 0.31440338988947203, 0.311131452021708, 0.3087631015923187, 0.30685848168137725, 0.2979906543217239, 0.2942884574288327, 0.2925625260913645, 0.288345180055264, 0.28590416517573153, 0.27915302461036895, 0.280146397403785, 0.2764329936486164, 0.2740377629015585, 0.2707902950063613, 0.267534825759383, 0.26289739011808205, 0.2587735878359574, 0.2584715678673664, 0.25474628943523375, 0.2511588603788963, 0.24835977879492685, 0.24740408006818543, 0.24425292036915552, 0.24029019498946405, 0.2434743323095579, 0.23817542466801844, 0.23482509467437976, 0.2311986341791905, 0.230358119508389, 0.22939922458949585, 0.22491447312837945, 0.2235704851999841, 0.22431703989742366, 0.2203951226542621, 0.2170064942648696, 0.21520383567907125, 0.21477427863589377, 0.2117910572469386, 0.21176020110229804, 0.2072675135178117, 0.205225690302958, 0.20595919310591604, 0.20366042896688136, 0.2029840662521867, 0.19904963447240775, 0.1976405485895754, 0.1986262585977258, 0.19620924156130726, 0.19222052110667143, 0.19288695667839537, 0.1891620882534192, 0.19103148792839536, 0.18805072968849396, 0.18737951380605916, 0.1866357266569259, 0.1860773559259701, 0.18283161503061388, 0.18238560179111005, 0.17872899023934477, 0.18046777157383112, 0.17756053196564886, 0.18087888140108144]"
14,holE_with_weights,50,5,50,0.1,0.01,1.00121546,0.302163042,0.182673909,56.48412223,0.340023966,0.248352307,0.195925704,0.100359497,"[1.0012154600031806, 1.0001135719823473, 1.0000476974992047, 1.0000209476383588, 0.9999289445173346, 0.9997863738470102, 0.9994749671994275, 0.9987748986164122, 0.997351614682729, 0.9947499701812977, 0.9903245517255089, 0.9828994712150128, 0.9711972457458652, 0.9535949924459287, 0.9275839272224873, 0.8932010128419211, 0.844285208432729, 0.7801060676089376, 0.701630387245547, 0.6061742853451018, 0.5215058009800414, 0.4704872686565681, 0.44293327195650445, 0.4229645070471533, 0.41013503523576655, 0.39959417988629137, 0.3876377251312023, 0.3838371948552799, 0.37757466478808843, 0.37230831544211196, 0.3687738860229803, 0.3586097278546438, 0.3551855903606075, 0.3491906023874841, 0.34814354971771627, 0.34306748096572837, 0.3357313782204199, 0.33832175373727735, 0.3323397928097169, 0.3299924335042939, 0.32822618479643767, 0.3272780805204358, 0.3196317017533397, 0.3167092577131043, 0.3165570332379135, 0.31224714982903945, 0.31038824571604645, 0.30390387071604646, 0.30640529331663485, 0.3021630424518925]"
15,holE_with_weights,100,5,50,0.1,0.01,1.00121546,0.200439841,0.186580733,46.36009587,0.355302576,0.253445177,0.195026962,0.100059916,"[1.0012154600031806, 1.0001135719823473, 1.0000476974992047, 1.0000209476383588, 0.9999289445173346, 0.9997863738470102, 0.9994749671994275, 0.9987748986164122, 0.997351614682729, 0.9947499701812977, 0.9903245517255089, 0.9828994712150128, 0.9711972457458652, 0.9535949924459287, 0.9275839272224873, 0.8932010128419211, 0.844285208432729, 0.7801060676089376, 0.701630387245547, 0.6061742853451018, 0.5215058009800414, 0.4704872686565681, 0.44293327195650445, 0.4229645070471533, 0.41013503523576655, 0.39959417988629137, 0.3876377251312023, 0.3838371948552799, 0.37757466478808843, 0.37230831544211196, 0.3687738860229803, 0.3586097278546438, 0.3551855903606075, 0.3491906023874841, 0.34814354971771627, 0.34306748096572837, 0.3357313782204199, 0.33832175373727735, 0.3323397928097169, 0.3299924335042939, 0.32822618479643767, 0.3272780805204358, 0.3196317017533397, 0.3167092577131043, 0.3165570332379135, 0.31224714982903945, 0.31038824571604645, 0.30390387071604646, 0.30640529331663485, 0.3021630424518925, 0.3013101219584924, 0.29739547923624365, 0.29427727541547394, 0.2894089374105439, 0.2866279085659192, 0.2860002124582538, 0.28249237138199745, 0.27819514228490777, 0.27634609076812977, 0.2738803760635337, 0.2721893015465967, 0.2665297367008588, 0.2694709789479962, 0.264901803286021, 0.2594169480806695, 0.2571134750715649, 0.2572815345201177, 0.2543303278566317, 0.24969045391519562, 0.24872044531746978, 0.2494279592577131, 0.2450480764452131, 0.2401996983341285, 0.2382873970012325, 0.23850060072260656, 0.23428903516618957, 0.23417746973401718, 0.23080917707836354, 0.2298504778447042, 0.22801677053514632, 0.22576445523715807, 0.22553106798167144, 0.22061181764869592, 0.21865864916308841, 0.22139954700421438, 0.2174458076147026, 0.21280989086354962, 0.21361988174399651, 0.21105487386688931, 0.21280316612496025, 0.20727553661239662, 0.20844461300294212, 0.20775257993897106, 0.20709856572041985, 0.20335157554568226, 0.20274864449149174, 0.19897459073831106, 0.200660853883389, 0.19789727829794848, 0.20043984138935272]"
16,transE_without_weights,50,5,40,0.1,0.1,0.59293854,0.222557789,0.102571866,73.58268424,0.215997603,0.139304973,0.09706411,0.039844218,"[0.5929385399272423, 0.4431839043614822, 0.3978483383528149, 0.3715337498012086, 0.3339001930760973, 0.3186589597745706, 0.29240222571763674, 0.28582854991650763, 0.27438039842756046, 0.2694731718650604, 0.2564389573890744, 0.2547245994354326, 0.24965020177321884, 0.2430877266221374, 0.2375770316475827, 0.23959848185531965, 0.231333147587667, 0.2281977141479803, 0.22945109049479168, 0.22734382144064091, 0.2245008753031568, 0.2244020231989504, 0.22514508662333016, 0.22785755419549142, 0.22152658088819974, 0.22226277669270833, 0.2201309724375795, 0.21763191669648538, 0.22218107655454836, 0.2184996595698155, 0.220079031985528, 0.21603650119771786, 0.22104962763895517, 0.21906630809677163, 0.22280276854226305, 0.21885724482645516, 0.21536184995229007, 0.22443938354802798, 0.2163386423047869, 0.21930520559995229, 0.2114646729136848, 0.21913953475369752, 0.2120165736074666, 0.21807220536637245, 0.2186825320799539, 0.21884966280017493, 0.21857436784351145, 0.21465109944040237, 0.22476513733997297, 0.22255778926626113]"
17,transE_without_weights,100,5,40,0.1,0.1,0.59293854,0.23314355,0.096928579,77.97183942,0.212402636,0.13241462,0.090173757,0.036548832,"[0.5929385399272423, 0.4431839043614822, 0.3978483383528149, 0.3715337498012086, 0.3339001930760973, 0.3186589597745706, 0.29240222571763674, 0.28582854991650763, 0.27438039842756046, 0.2694731718650604, 0.2564389573890744, 0.2547245994354326, 0.24965020177321884, 0.2430877266221374, 0.2375770316475827, 0.23959848185531965, 0.231333147587667, 0.2281977141479803, 0.22945109049479168, 0.22734382144064091, 0.2245008753031568, 0.2244020231989504, 0.22514508662333016, 0.22785755419549142, 0.22152658088819974, 0.22226277669270833, 0.2201309724375795, 0.21763191669648538, 0.22218107655454836, 0.2184996595698155, 0.220079031985528, 0.21603650119771786, 0.22104962763895517, 0.21906630809677163, 0.22280276854226305, 0.21885724482645516, 0.21536184995229007, 0.22443938354802798, 0.2163386423047869, 0.21930520559995229, 0.2114646729136848, 0.21913953475369752, 0.2120165736074666, 0.21807220536637245, 0.2186825320799539, 0.21884966280017493, 0.21857436784351145, 0.21465109944040237, 0.22476513733997297, 0.22255778926626113, 0.22057893631719147, 0.22323622065342716, 0.2177161358937659, 0.22548279585122455, 0.21641863718590967, 0.22011152815879453, 0.22204250966622932, 0.22354535673107506, 0.21990933561446405, 0.2257934446067907, 0.22192546504751112, 0.21992241857009384, 0.23126136216801846, 0.22225152013259383, 0.2180443031369275, 0.2200648805263995, 0.22516769603311865, 0.22661778573771468, 0.22242636333591762, 0.22117063566018608, 0.2192803380446883, 0.22784849365855597, 0.23052635600548665, 0.22215114603212469, 0.22953700252465012, 0.23104792859414758, 0.2274017038903467, 0.228713065188653, 0.22377204099077608, 0.2239225322538963, 0.23012092726224553, 0.2335697490507713, 0.23083407258866095, 0.22556399590489823, 0.23372252952051525, 0.22613599005546278, 0.22710296708512245, 0.23452702257772742, 0.230970232237993, 0.22417249684418733, 0.23478542026975985, 0.22952644484037055, 0.22985931163525763, 0.22662281764372613, 0.23011335455430978, 0.228824602665792, 0.22680941438553595, 0.2208827516201495, 0.22224122025584447, 0.23314354971771628]"
18,transE_without_weights,50,5,50,0.1,0.1,0.70646831,0.239901039,0.094529463,81.71929299,0.199520671,0.128819652,0.087177951,0.036548832,"[0.7064683101741412, 0.5366518753478848, 0.44822337686863867, 0.40900117286895676, 0.3787033399431457, 0.3525260230299777, 0.32979886042859413, 0.3147719117763995, 0.30109733445650444, 0.2899649568125795, 0.27804708621580787, 0.26771663908436705, 0.2658257171397901, 0.26134567765485844, 0.24692950299677957, 0.25402202421775605, 0.24140970089356711, 0.2378119191565283, 0.2358616735249682, 0.2373161739126113, 0.23502241993678435, 0.2382149499791269, 0.23157840952011768, 0.2380213955401161, 0.23252671258746818, 0.22983603130466762, 0.22411889772682092, 0.2225519621948553, 0.22843377266221374, 0.22227675110329198, 0.2303358921507236, 0.22708136405653626, 0.22968237180442908, 0.22716858065461992, 0.22904899150663963, 0.22991355061227736, 0.23118890582756838, 0.2331332467348521, 0.2308740669231075, 0.23244185042441953, 0.23114702918753977, 0.23215620589316954, 0.23244464592775924, 0.22996949795244911, 0.2337045513279262, 0.23352261375834923, 0.23612418681913963, 0.230957798460361, 0.2325090419002465, 0.2399010391817748]"
19,transE_without_weights,100,5,50,0.1,0.1,0.70646831,0.252387869,0.087121735,81.79448772,0.180047933,0.116536848,0.079089275,0.031755542,"[0.7064683101741412, 0.5366518753478848, 0.44822337686863867, 0.40900117286895676, 0.3787033399431457, 0.3525260230299777, 0.32979886042859413, 0.3147719117763995, 0.30109733445650444, 0.2899649568125795, 0.27804708621580787, 0.26771663908436705, 0.2658257171397901, 0.26134567765485844, 0.24692950299677957, 0.25402202421775605, 0.24140970089356711, 0.2378119191565283, 0.2358616735249682, 0.2373161739126113, 0.23502241993678435, 0.2382149499791269, 0.23157840952011768, 0.2380213955401161, 0.23252671258746818, 0.22983603130466762, 0.22411889772682092, 0.2225519621948553, 0.22843377266221374, 0.22227675110329198, 0.2303358921507236, 0.22708136405653626, 0.22968237180442908, 0.22716858065461992, 0.22904899150663963, 0.22991355061227736, 0.23118890582756838, 0.2331332467348521, 0.2308740669231075, 0.23244185042441953, 0.23114702918753977, 0.23215620589316954, 0.23244464592775924, 0.22996949795244911, 0.2337045513279262, 0.23352261375834923, 0.23612418681913963, 0.230957798460361, 0.2325090419002465, 0.2399010391817748, 0.23168792491650764, 0.2348873536398696, 0.22880661515485845, 0.23119433531627703, 0.22676823972745705, 0.23037863539678755, 0.23668341483778627, 0.23374576636549776, 0.23067780084585718, 0.23872160700441317, 0.24036162009979326, 0.2365303517115935, 0.24126177528128975, 0.2341332604017573, 0.2352591866451972, 0.22733162372773538, 0.24475166301387563, 0.23507392553276082, 0.2332420849982109, 0.24004663831405057, 0.23629711354961833, 0.24164166865458014, 0.23740709921179232, 0.2399583252574348, 0.24121883324387722, 0.2501344885595579, 0.24500864742366413, 0.24404206487058683, 0.24370909557391063, 0.2408866125208731, 0.24824487428932093, 0.2489355064955073, 0.24247411674518926, 0.24091358912810115, 0.2518721019948712, 0.24163855011529897, 0.23873944852795007, 0.24590368683404898, 0.24821891648775446, 0.24065458263756362, 0.24704013970062022, 0.24565122492744115, 0.24132813431834446, 0.24296631480597963, 0.24645056183404898, 0.24447458514730439, 0.24101680532363232, 0.24139900654023536, 0.2375450976810989, 0.25238786925493]"
20,transE_without_weights,50,5,40,0.1,0.01,0.639635361,0.100158867,0.145236193,61.70730977,0.291791492,0.196524865,0.141701618,0.070701019,"[0.6396353607565999, 0.3133474413068543, 0.274696445610687, 0.26529850695272744, 0.25358764027214536, 0.24953258252325858, 0.23278799586017015, 0.22642055055263996, 0.21386837092974714, 0.2031798477755248, 0.1971239240418257, 0.1842828384671199, 0.17788626401479007, 0.16748489185750637, 0.16218611156667462, 0.15715510322240775, 0.14954008689666826, 0.14511411244632633, 0.14129303211474237, 0.13624513582418893, 0.13249869232566, 0.1294112079804787, 0.12752273365438135, 0.1275498919693265, 0.12199746478908238, 0.12206329112744513, 0.11787876895972488, 0.11629684797680105, 0.1144325143750994, 0.11368509307162453, 0.11461178223898696, 0.11046782127166825, 0.11126372747445532, 0.108726492923028, 0.11110971543018448, 0.10693872349862835, 0.10382224667769958, 0.10588309950500954, 0.10486459513656966, 0.10344477296785544, 0.10446904849763439, 0.10533096429955868, 0.10137381439597248, 0.10232761373350031, 0.09876860718084049, 0.09901554796835242, 0.10049965894859256, 0.09911175676884541, 0.10135971108162373, 0.10015886690173743]"
21,transE_without_weights,100,5,40,0.1,0.01,0.639635361,0.093242237,0.12559996,68.12252846,0.270820851,0.17855003,0.12732175,0.05122828,"[0.6396353607565999, 0.3133474413068543, 0.274696445610687, 0.26529850695272744, 0.25358764027214536, 0.24953258252325858, 0.23278799586017015, 0.22642055055263996, 0.21386837092974714, 0.2031798477755248, 0.1971239240418257, 0.1842828384671199, 0.17788626401479007, 0.16748489185750637, 0.16218611156667462, 0.15715510322240775, 0.14954008689666826, 0.14511411244632633, 0.14129303211474237, 0.13624513582418893, 0.13249869232566, 0.1294112079804787, 0.12752273365438135, 0.1275498919693265, 0.12199746478908238, 0.12206329112744513, 0.11787876895972488, 0.11629684797680105, 0.1144325143750994, 0.11368509307162453, 0.11461178223898696, 0.11046782127166825, 0.11126372747445532, 0.108726492923028, 0.11110971543018448, 0.10693872349862835, 0.10382224667769958, 0.10588309950500954, 0.10486459513656966, 0.10344477296785544, 0.10446904849763439, 0.10533096429955868, 0.10137381439597248, 0.10232761373350031, 0.09876860718084049, 0.09901554796835242, 0.10049965894859256, 0.09911175676884541, 0.10135971108162373, 0.10015886690173743, 0.10044081826246422, 0.09936488027791031, 0.09538474978381441, 0.10007611689676765, 0.0955016375437341, 0.09814908170821406, 0.09740947694268845, 0.09449858143736084, 0.09604287960450461, 0.09520133525663962, 0.09578764859653308, 0.09490717997077767, 0.09647030119374204, 0.09501374766420165, 0.09326142366909192, 0.09348695400713661, 0.09621023862416507, 0.09334936554498648, 0.09342765516907205, 0.093055419921875, 0.09341761154679548, 0.09481901445461594, 0.09416235537929389, 0.09238796709754692, 0.09390632609981314, 0.09518285697956425, 0.09137837883170324, 0.0924380423276479, 0.09107942459844147, 0.09017318919718113, 0.09159505208333334, 0.09364798587090489, 0.09245848677540554, 0.09008336812181934, 0.09309544221135496, 0.09213975746213025, 0.09017737313384622, 0.09118077867813693, 0.09055217092577131, 0.08803230110925572, 0.09142449376540633, 0.09189922769561068, 0.09011767671308445, 0.08979697812301209, 0.09149265745517256, 0.09157751340599157, 0.09056957448711832, 0.08779552663555582, 0.08819569206723124, 0.09324223719783716]"
22,transE_without_weights,50,5,50,0.1,0.01,0.609792748,0.09123109,0.118128297,67.03325345,0.255542241,0.166866387,0.118633913,0.045536249,"[0.6097927475946247, 0.303703526310035, 0.2743013291686546, 0.2646049891658715, 0.25224847303395354, 0.24367440027135018, 0.22388597017632791, 0.21489004974753498, 0.20274161535364982, 0.1896970668336514, 0.18004667558742843, 0.16769390232387085, 0.16084906269879135, 0.1509832189040633, 0.14451053221413804, 0.14262149257514312, 0.13440749617326653, 0.12902369686058762, 0.12594918831007473, 0.12367860750387644, 0.11822624225956187, 0.11826680811913566, 0.11595261280166587, 0.11591756184895834, 0.11046026409430662, 0.11076791700212707, 0.10548150215440125, 0.10529726140068384, 0.10428427970439727, 0.10274101897960401, 0.10618046806665474, 0.09874261676506839, 0.10136802149182968, 0.10044661737883667, 0.10036062769610767, 0.0985684708845221, 0.09727327846692112, 0.09642183027194656, 0.09517797261400684, 0.09292117674538804, 0.09507845735428594, 0.09454937728610051, 0.0907412929389313, 0.09243288773010098, 0.09201250925622217, 0.09184811191704437, 0.09384851819686307, 0.09232398579138835, 0.09354616742704358, 0.09123108997296438]"
23,transE_without_weights,100,5,50,0.1,0.01,0.609792748,0.087998744,0.1019513,74.84152187,0.216297184,0.139005392,0.095865788,0.039245057,"[0.6097927475946247, 0.303703526310035, 0.2743013291686546, 0.2646049891658715, 0.25224847303395354, 0.24367440027135018, 0.22388597017632791, 0.21489004974753498, 0.20274161535364982, 0.1896970668336514, 0.18004667558742843, 0.16769390232387085, 0.16084906269879135, 0.1509832189040633, 0.14451053221413804, 0.14262149257514312, 0.13440749617326653, 0.12902369686058762, 0.12594918831007473, 0.12367860750387644, 0.11822624225956187, 0.11826680811913566, 0.11595261280166587, 0.11591756184895834, 0.11046026409430662, 0.11076791700212707, 0.10548150215440125, 0.10529726140068384, 0.10428427970439727, 0.10274101897960401, 0.10618046806665474, 0.09874261676506839, 0.10136802149182968, 0.10044661737883667, 0.10036062769610767, 0.0985684708845221, 0.09727327846692112, 0.09642183027194656, 0.09517797261400684, 0.09292117674538804, 0.09507845735428594, 0.09454937728610051, 0.0907412929389313, 0.09243288773010098, 0.09201250925622217, 0.09184811191704437, 0.09384851819686307, 0.09232398579138835, 0.09354616742704358, 0.09123108997296438, 0.09197244503419211, 0.09245130543793734, 0.08761145516509622, 0.09341922827956027, 0.08882780817628817, 0.09082743171517176, 0.09145052611372853, 0.08703739078900287, 0.08831806677898378, 0.08766589914569418, 0.08967302861104484, 0.08776118387702767, 0.09018846196376033, 0.08778203211971215, 0.08425666789668813, 0.08563751453661736, 0.08928585139849714, 0.08747883182748886, 0.0874595304299857, 0.08635927933166349, 0.08668861758011291, 0.08913198223550811, 0.08711419103103132, 0.08609255414579357, 0.0884835745542104, 0.08813448762772344, 0.08549738837865777, 0.08719669409987277, 0.08701215205301766, 0.08458552935651241, 0.08730042280434955, 0.08681177347974316, 0.08639069457697202, 0.0857514561466285, 0.08818094578711434, 0.08660243997743718, 0.08521516523288407, 0.08614651357247932, 0.08443494956911975, 0.08506996678942032, 0.08679576301089377, 0.08518184438613231, 0.0842843123186029, 0.08528268750993957, 0.08866603705719227, 0.08752184685859972, 0.08578082446226941, 0.08198919009919688, 0.08292427820103769, 0.0879987441977775]"
24,holE_without_weights,50,5,40,0.1,0.1,1.002465771,0.223013369,0.137812189,70.86279209,0.269922109,0.182444578,0.1327142,0.068304374,"[1.002465770614663, 0.9874238256401081, 0.7609854459883906, 0.4713239814428276, 0.46477355180502544, 0.4391787246044052, 0.3853809339217557, 0.36126876714575384, 0.3378018895117684, 0.3187921127047551, 0.3076960890287055, 0.29488191172670164, 0.28423199447360054, 0.27448603118042303, 0.2695012262941317, 0.26223184910742686, 0.25726756321564886, 0.25315173743638675, 0.24717304103550414, 0.24596878168237118, 0.24498418987555662, 0.24122939092815682, 0.2398045446187182, 0.24114691426129134, 0.23643044663446247, 0.2390517248876829, 0.23363065064408398, 0.23246834558385018, 0.23094635242724237, 0.2315816460917621, 0.23318695146012244, 0.22688462895594783, 0.22910583030176526, 0.22765431489046598, 0.22781357471572838, 0.22435479161696883, 0.2209157106045245, 0.22612228587686864, 0.22350271598680024, 0.2211304829138836, 0.22104152378538486, 0.2200215874980121, 0.2181114604454914, 0.2222742693175493, 0.21968743166547391, 0.22137466391837626, 0.22167693858838264, 0.21843611467278945, 0.21993870393010495, 0.22301336933941635]"
25,holE_without_weights,100,5,40,0.1,0.1,1.002465771,0.212420387,0.133529703,68.89694428,0.27531456,0.186638706,0.136309167,0.057819053,"[1.002465770614663, 0.9874238256401081, 0.7609854459883906, 0.4713239814428276, 0.46477355180502544, 0.4391787246044052, 0.3853809339217557, 0.36126876714575384, 0.3378018895117684, 0.3187921127047551, 0.3076960890287055, 0.29488191172670164, 0.28423199447360054, 0.27448603118042303, 0.2695012262941317, 0.26223184910742686, 0.25726756321564886, 0.25315173743638675, 0.24717304103550414, 0.24596878168237118, 0.24498418987555662, 0.24122939092815682, 0.2398045446187182, 0.24114691426129134, 0.23643044663446247, 0.2390517248876829, 0.23363065064408398, 0.23246834558385018, 0.23094635242724237, 0.2315816460917621, 0.23318695146012244, 0.22688462895594783, 0.22910583030176526, 0.22765431489046598, 0.22781357471572838, 0.22435479161696883, 0.2209157106045245, 0.22612228587686864, 0.22350271598680024, 0.2211304829138836, 0.22104152378538486, 0.2200215874980121, 0.2181114604454914, 0.2222742693175493, 0.21968743166547391, 0.22137466391837626, 0.22167693858838264, 0.21843611467278945, 0.21993870393010495, 0.22301336933941635, 0.21940744336931456, 0.21712444586911578, 0.21681933531627703, 0.22053719013398537, 0.2138956612545722, 0.21816325801626113, 0.2166430539817907, 0.21269683449626273, 0.21509687972129454, 0.21695483646926686, 0.21659258582816476, 0.21485058345260813, 0.21611349557192272, 0.21448712453284033, 0.20933641273556775, 0.2120314922769561, 0.21412344507892017, 0.2140683363897503, 0.21386165550950223, 0.21398409544966604, 0.21334160181098918, 0.21622329362476145, 0.2132162980329596, 0.21242091210440522, 0.2141684464704596, 0.21324382442251114, 0.21232454178594148, 0.21069274436426527, 0.2118712384949507, 0.2097875417461832, 0.2127086563692748, 0.21394428437599397, 0.21077366176149015, 0.21148372582200223, 0.2119824094505407, 0.2121293193632713, 0.20948306484076812, 0.2117955549012007, 0.20890797078761134, 0.21097433852178754, 0.21225983830808684, 0.20663552475946248, 0.20918216928574268, 0.20965553807848283, 0.21282972340668735, 0.21088873399729643, 0.2093510829158715, 0.20556006977576335, 0.20622636246620546, 0.2124203871710003]"
26,holE_without_weights,50,5,50,0.1,0.1,1.0026192,0.228842134,0.141092104,67.26872379,0.279209107,0.191431995,0.136608748,0.067405632,"[1.0026192002624046, 0.9965593441873409, 0.8934159559875954, 0.5391914286140267, 0.4782335152274173, 0.46765472800373725, 0.42114900157045165, 0.3965158710042939, 0.37169503791944974, 0.34903033307490455, 0.33666597089694655, 0.3198902485388836, 0.30817271613589375, 0.29683752161855914, 0.2887021223461355, 0.2821729633826336, 0.2728861584068861, 0.2678781446306457, 0.2629600093928912, 0.26022173932490456, 0.25743482439269244, 0.25202804759561864, 0.2517874168803674, 0.25202038481035305, 0.24578535938990936, 0.24786958417819657, 0.24435356470161418, 0.242786184995229, 0.24152691945471533, 0.2412541000715649, 0.2436052333064965, 0.23680163978013677, 0.24080700590410306, 0.23724953843133748, 0.2374508985368957, 0.23415063911418574, 0.23153229303335718, 0.23447604812738548, 0.2315800029570213, 0.23006830967716285, 0.23053296581782762, 0.23167226699169052, 0.2268385466364504, 0.2315647705699348, 0.23010833196664282, 0.22939889534132474, 0.23177285230796757, 0.22640851125159034, 0.22934917576137087, 0.2288421335778467]"
27,holE_without_weights,100,5,50,0.1,0.1,1.0026192,0.219234392,0.137119358,65.96974236,0.298082684,0.187237867,0.1327142,0.060515279,"[1.0026192002624046, 0.9965593441873409, 0.8934159559875954, 0.5391914286140267, 0.4782335152274173, 0.46765472800373725, 0.42114900157045165, 0.3965158710042939, 0.37169503791944974, 0.34903033307490455, 0.33666597089694655, 0.3198902485388836, 0.30817271613589375, 0.29683752161855914, 0.2887021223461355, 0.2821729633826336, 0.2728861584068861, 0.2678781446306457, 0.2629600093928912, 0.26022173932490456, 0.25743482439269244, 0.25202804759561864, 0.2517874168803674, 0.25202038481035305, 0.24578535938990936, 0.24786958417819657, 0.24435356470161418, 0.242786184995229, 0.24152691945471533, 0.2412541000715649, 0.2436052333064965, 0.23680163978013677, 0.24080700590410306, 0.23724953843133748, 0.2374508985368957, 0.23415063911418574, 0.23153229303335718, 0.23447604812738548, 0.2315800029570213, 0.23006830967716285, 0.23053296581782762, 0.23167226699169052, 0.2268385466364504, 0.2315647705699348, 0.23010833196664282, 0.22939889534132474, 0.23177285230796757, 0.22640851125159034, 0.22934917576137087, 0.2288421335778467, 0.22819233435710878, 0.22659368539281172, 0.22563788105816635, 0.22910416542422074, 0.22241955783834289, 0.2273000003727338, 0.22472183188712627, 0.2221055824338025, 0.22369962813593353, 0.22374601796079835, 0.22355086076653943, 0.22331217447916665, 0.2245490635685035, 0.22303575510893767, 0.21749938809538008, 0.22086554685015108, 0.22204446030633745, 0.22145081342934955, 0.22132408394461672, 0.22030218769879134, 0.22195151292640744, 0.22215329235746661, 0.22098231502465013, 0.21996327329834606, 0.22100580967716285, 0.2208252947081743, 0.2207046004045404, 0.21986546484871977, 0.21877963544151557, 0.21879359742763996, 0.21942384676168894, 0.2218845792581107, 0.2192064839525684, 0.21814785479285942, 0.21919524913525765, 0.2199293980100986, 0.21804587793714217, 0.21970168252027672, 0.21816497569775764, 0.21759463400027831, 0.21970858430741094, 0.21567196134999206, 0.21818986499582538, 0.21777796000318067, 0.2198948207399014, 0.21775194318543256, 0.21632466789420324, 0.21314182582399013, 0.21306039281170483, 0.219234392394243]"
28,holE_without_weights,50,5,40,0.1,0.01,1.001030236,0.326254852,0.188992821,44.96614739,0.37747154,0.26033553,0.198621929,0.099161174,"[1.0010302361641221, 1.0000899406607824, 1.0000002981870229, 0.999886788326972, 0.9994676740418257, 0.9983198652194657, 0.9954601522741731, 0.9893572081743003, 0.9773845519243003, 0.956014332856234, 0.92103533019243, 0.8654530827568384, 0.7832848903665712, 0.6679558534112595, 0.5465355327111164, 0.4923932738947201, 0.46503324164082377, 0.44841332200222644, 0.4387483475469148, 0.42953083378061385, 0.4179691786438454, 0.4110744299658079, 0.40935932033237915, 0.405917602228451, 0.4006071336275445, 0.3970786865855598, 0.39008311342040397, 0.3922836528904262, 0.389341186834049, 0.38697227730399175, 0.3863398412651081, 0.37847517717278945, 0.37599349082577926, 0.3705463904460878, 0.3718996004293893, 0.3661219597348123, 0.3588837617286896, 0.36153784987277354, 0.3545203599614345, 0.35096700187857827, 0.3507580535345102, 0.34942583467517496, 0.3409121541030534, 0.33671942713303116, 0.3359978518109892, 0.33330097382911894, 0.33073381962666987, 0.32452485140346693, 0.3280257782681298, 0.32625485175135177]"
29,holE_without_weights,100,5,40,0.1,0.01,1.001030236,0.251261399,0.199078529,45.00209706,0.394847214,0.281605752,0.208807669,0.102756141,"[1.0010302361641221, 1.0000899406607824, 1.0000002981870229, 0.999886788326972, 0.9994676740418257, 0.9983198652194657, 0.9954601522741731, 0.9893572081743003, 0.9773845519243003, 0.956014332856234, 0.92103533019243, 0.8654530827568384, 0.7832848903665712, 0.6679558534112595, 0.5465355327111164, 0.4923932738947201, 0.46503324164082377, 0.44841332200222644, 0.4387483475469148, 0.42953083378061385, 0.4179691786438454, 0.4110744299658079, 0.40935932033237915, 0.405917602228451, 0.4006071336275445, 0.3970786865855598, 0.39008311342040397, 0.3922836528904262, 0.389341186834049, 0.38697227730399175, 0.3863398412651081, 0.37847517717278945, 0.37599349082577926, 0.3705463904460878, 0.3718996004293893, 0.3661219597348123, 0.3588837617286896, 0.36153784987277354, 0.3545203599614345, 0.35096700187857827, 0.3507580535345102, 0.34942583467517496, 0.3409121541030534, 0.33671942713303116, 0.3359978518109892, 0.33330097382911894, 0.33073381962666987, 0.32452485140346693, 0.3280257782681298, 0.32625485175135177, 0.32275067589058526, 0.3205598212865776, 0.31805280146708015, 0.314807582399014, 0.3105377492346533, 0.3129857031746978, 0.3092831956703244, 0.30433434095698153, 0.3041938389591285, 0.30350135550850826, 0.3036885921099714, 0.2991006368777831, 0.3022049128796915, 0.2962641266102099, 0.2948540126033715, 0.29289687450302165, 0.29276618782800573, 0.291547031548187, 0.2876507024789281, 0.2873178698513041, 0.2896652788545642, 0.2866468993519402, 0.2817608067946883, 0.2801320906389154, 0.28171141335679073, 0.27742885133388995, 0.27919152179747136, 0.27387429429071247, 0.2729490758687182, 0.273449253538486, 0.2719479874860846, 0.2691118064666826, 0.2681418475667939, 0.26873078557371183, 0.26843171641420166, 0.265357212522861, 0.2627332567986641, 0.26266603426168894, 0.25972910951415396, 0.2603525719873171, 0.258820574034868, 0.2579951240209526, 0.2557419887086514, 0.2567842548554787, 0.2559538505884224, 0.25120165021668256, 0.24869470183782602, 0.24692463882096852, 0.24499865505228213, 0.2512613994413963]"
30,holE_without_weights,50,5,50,0.1,0.01,1.001215572,0.363192887,0.180009973,56.80227681,0.342420611,0.251348113,0.198022768,0.094967046,"[1.0012155718233142, 1.0001136092557252, 1.0000477099236642, 1.0000209849117367, 0.9999290439130089, 0.9997864235448474, 0.9994741844584923, 0.9987713700699745, 0.9973391156766858, 0.9947122495229007, 0.9902303743241094, 0.9826871744791666, 0.970784405812659, 0.9528506430900128, 0.9263092149729644, 0.8912793341483779, 0.841271258249841, 0.7756103018646628, 0.6954940213501909, 0.6005026315004771, 0.522141548137325, 0.47748391032522264, 0.4553561781866253, 0.4392680999522901, 0.4296236134303435, 0.4215730483659351, 0.4114904629850509, 0.4099857988430344, 0.4059799543773855, 0.4025626938215649, 0.4014035104067271, 0.39239795170364183, 0.39052722571763676, 0.38549182843312657, 0.38665849137245545, 0.38310277885456423, 0.37659345554031487, 0.3813065064408397, 0.37667415861561704, 0.3749185700938295, 0.37560871153387404, 0.3765621893885178, 0.3700249110408715, 0.3677767424061705, 0.36911682594823475, 0.3671770945153467, 0.3662846642414122, 0.36055162114344785, 0.36571877360647265, 0.36319288724554705]"
31,holE_without_weights,100,5,50,0.1,0.01,1.001215572,0.299569548,0.195111845,45.59526663,0.376273217,0.264829239,0.210305572,0.103954464,"[1.0012155718233142, 1.0001136092557252, 1.0000477099236642, 1.0000209849117367, 0.9999290439130089, 0.9997864235448474, 0.9994741844584923, 0.9987713700699745, 0.9973391156766858, 0.9947122495229007, 0.9902303743241094, 0.9826871744791666, 0.970784405812659, 0.9528506430900128, 0.9263092149729644, 0.8912793341483779, 0.841271258249841, 0.7756103018646628, 0.6954940213501909, 0.6005026315004771, 0.522141548137325, 0.47748391032522264, 0.4553561781866253, 0.4392680999522901, 0.4296236134303435, 0.4215730483659351, 0.4114904629850509, 0.4099857988430344, 0.4059799543773855, 0.4025626938215649, 0.4014035104067271, 0.39239795170364183, 0.39052722571763676, 0.38549182843312657, 0.38665849137245545, 0.38310277885456423, 0.37659345554031487, 0.3813065064408397, 0.37667415861561704, 0.3749185700938295, 0.37560871153387404, 0.3765621893885178, 0.3700249110408715, 0.3677767424061705, 0.36911682594823475, 0.3671770945153467, 0.3662846642414122, 0.36055162114344785, 0.36571877360647265, 0.36319288724554705, 0.3634999080590013, 0.36044700719624684, 0.3575210408218034, 0.35463536075659985, 0.351877702319895, 0.35483712776319976, 0.35218869896032123, 0.3460589366650763, 0.3477857377146947, 0.3459337105399173, 0.3475066036001113, 0.341377773139313, 0.34552380277910305, 0.3394396817350509, 0.3362605918515426, 0.3351544298167144, 0.33757168913008906, 0.33486632524252546, 0.3302610689507793, 0.3319860808782602, 0.33413282865179705, 0.3299817857426845, 0.3237413712130248, 0.32319795021270675, 0.32578638130168575, 0.32092399461275445, 0.32258982884064885, 0.3190108577349714, 0.3191551181317589, 0.31842411885734734, 0.3166221311923505, 0.3142187251510814, 0.31202485761569654, 0.31277649391698475, 0.31463843581027356, 0.3098729971771628, 0.3080082225071565, 0.30838687654063296, 0.3064294651021788, 0.30734411030931935, 0.303418683156409, 0.30420094574984097, 0.30491268711235686, 0.30460958000357824, 0.30452563414440204, 0.2997072735269561, 0.29586220777671757, 0.2984799295284669, 0.29371778337706744, 0.29956954839575384]"
,,,,,,,,,,,,,,,
,,,,,,,,,,,,,,,
,model_name,epochs,batches_count,k,structural_wt,lr,start_loss,end_loss,mrr,mr,hits_10,hits_5,hits_3,hits_1,
0,transE_with_weights,50,5,40,0.1,0.1,3.293359872,1.311895535,0.155310249,54.79328939,0.325943679,0.222588376,0.163870581,0.065608149,"[3.2933598719783714, 1.817050520336355, 1.5838687964674778, 1.4406865631957697, 1.321608588531727, 1.248731882032244, 1.1785150969604803, 1.1205749045801527, 1.0791652067927004, 1.076337663878618, 1.0220158778377466, 0.9956045835072758, 1.007930050915434, 0.9316235103073314, 0.9066897016141857, 0.9586829731482586, 0.9497339612655057, 0.9129514271976383, 0.9205110894511371, 0.9207102380029422, 0.9200610755357427, 0.9177350459208016, 0.9221947434597646, 0.9652502161855916, 0.949780133662333, 0.92948992003618, 0.9301297486283397, 0.9437524848918575, 0.9718702631748967, 0.9985320190740299, 0.9768863280007554, 0.9947468143686387, 1.0003871461513996, 1.0110133202628022, 1.06449654848521, 1.079937324815124, 1.0879145731452766, 1.0465412324318146, 1.1589654432301606, 1.07060119784212, 1.1504694737247534, 1.1703411539092319, 1.1409018324835003, 1.198203718267931, 1.177237132608739, 1.269246962840927, 1.2465766732019323, 1.232788940119076, 1.2832898943175493, 1.3118955345250876]"
16,transE_without_weights,50,5,40,0.1,0.1,0.59293854,0.222557789,0.102571866,73.58268424,0.215997603,0.139304973,0.09706411,0.039844218,"[0.5929385399272423, 0.4431839043614822, 0.3978483383528149, 0.3715337498012086, 0.3339001930760973, 0.3186589597745706, 0.29240222571763674, 0.28582854991650763, 0.27438039842756046, 0.2694731718650604, 0.2564389573890744, 0.2547245994354326, 0.24965020177321884, 0.2430877266221374, 0.2375770316475827, 0.23959848185531965, 0.231333147587667, 0.2281977141479803, 0.22945109049479168, 0.22734382144064091, 0.2245008753031568, 0.2244020231989504, 0.22514508662333016, 0.22785755419549142, 0.22152658088819974, 0.22226277669270833, 0.2201309724375795, 0.21763191669648538, 0.22218107655454836, 0.2184996595698155, 0.220079031985528, 0.21603650119771786, 0.22104962763895517, 0.21906630809677163, 0.22280276854226305, 0.21885724482645516, 0.21536184995229007, 0.22443938354802798, 0.2163386423047869, 0.21930520559995229, 0.2114646729136848, 0.21913953475369752, 0.2120165736074666, 0.21807220536637245, 0.2186825320799539, 0.21884966280017493, 0.21857436784351145, 0.21465109944040237, 0.22476513733997297, 0.22255778926626113]"
,,,,,,,,,,,,,,,
8,holE_with_weights,50,5,40,0.1,0.1,1.002459993,0.179560469,0.160639126,50.91521869,0.32144997,0.219892151,0.162073098,0.077890953,"[1.0024599932410942, 0.9870360334168257, 0.7583634129492685, 0.46731413630128815, 0.458710117485687, 0.4320480665056457, 0.3781999878240299, 0.3530726806019402, 0.3296361559219943, 0.30971339878538484, 0.29797173808245864, 0.2837651454158715, 0.27297083109693066, 0.26324154142811707, 0.2575685985458413, 0.25073176337865777, 0.24422585679071246, 0.24086215497276559, 0.23507289740875478, 0.2313803046228928, 0.23006896506739027, 0.2239848999334049, 0.22313775681357348, 0.22447342656647581, 0.21885202344743956, 0.21993201957100827, 0.21457745967020514, 0.21305041907701178, 0.2095234132723044, 0.20876468571087786, 0.2094065798693941, 0.2038555768427958, 0.20351446641917142, 0.2017438722566794, 0.1998159285295404, 0.19616752643924937, 0.1940741106572042, 0.19624370701137087, 0.19326612011470262, 0.1891730031409033, 0.18915415523616413, 0.1896361900892573, 0.18547324454814726, 0.18573590072360052, 0.18524433631023376, 0.18456416239265266, 0.18401408809438613, 0.1792873516519561, 0.18088089726960083, 0.17956046922212945]"
24,holE_without_weights,50,5,40,0.1,0.1,1.002465771,0.223013369,0.137812189,70.86279209,0.269922109,0.182444578,0.1327142,0.068304374,"[1.002465770614663, 0.9874238256401081, 0.7609854459883906, 0.4713239814428276, 0.46477355180502544, 0.4391787246044052, 0.3853809339217557, 0.36126876714575384, 0.3378018895117684, 0.3187921127047551, 0.3076960890287055, 0.29488191172670164, 0.28423199447360054, 0.27448603118042303, 0.2695012262941317, 0.26223184910742686, 0.25726756321564886, 0.25315173743638675, 0.24717304103550414, 0.24596878168237118, 0.24498418987555662, 0.24122939092815682, 0.2398045446187182, 0.24114691426129134, 0.23643044663446247, 0.2390517248876829, 0.23363065064408398, 0.23246834558385018, 0.23094635242724237, 0.2315816460917621, 0.23318695146012244, 0.22688462895594783, 0.22910583030176526, 0.22765431489046598, 0.22781357471572838, 0.22435479161696883, 0.2209157106045245, 0.22612228587686864, 0.22350271598680024, 0.2211304829138836, 0.22104152378538486, 0.2200215874980121, 0.2181114604454914, 0.2222742693175493, 0.21968743166547391, 0.22137466391837626, 0.22167693858838264, 0.21843611467278945, 0.21993870393010495, 0.22301336933941635]"
